company,rankWithinCompany,libraryId,advertiser,started,adLink,screenshot,searchQuery,copy
Casa Interior Design Pte Ltd,1,1423880971945054,Casa Interior Design Pte Ltd,13 Feb 2026,https://www.facebook.com/ads/library/?id=1423880971945054,ad_screenshots/Casa_Interior_Design_Pte_Ltd_1423880971945054.png,,"SG's No.1 Best Price Renovation!!! Unbeatable Renovation Price!!! BTO FLAT (items 1 to 26) Complete No Hidden Cost Package (Essential) 3 ROOM - $6988 4 ROOM - $7488 5 ROOM - $7988 RESALE FLAT (items 1 to 53) Complete Makeover Package (Full Hacking) 3 ROOM - $23,988 4 ROOM - $26,988 5 ROOM - $28,988 EA FLAT - $30,988 Why Pay More On Renovation? Get Your Free Quote Today! Schedule An Appointment With Us Today, Call Now 6291 4846 !!!"
Casa Interior Design Pte Ltd,2,837694155586014,Casa Interior Design Pte Ltd,6 Oct 2025,https://www.facebook.com/ads/library/?id=837694155586014,ad_screenshots/Casa_Interior_Design_Pte_Ltd_837694155586014.png,,"SG's No.1 Best Price Renovation!! Unbeatable Renovation Price!! BTO FLAT (items 1 to 26) Complete No Hidden Cost Package (Essential) 3 ROOM - $6988 4 ROOM - $7488 5 ROOM - $7988 RESALE FLAT (items 1 to 53) Complete Makeover Package (Full Hacking) 3 ROOM - $23,988 4 ROOM - $26,988 5 ROOM - $28,988 EA FLAT - $30,988 Why Pay More On Renovation? Get Your Free Quote Today! Schedule An Appointment With Us Today, Call Now 6291 4846 !!!"
Casa Interior Design Pte Ltd,3,1988055195081992,Casa Interior Design Pte Ltd,16 Mar 2026,https://www.facebook.com/ads/library/?id=1988055195081992,ad_screenshots/Casa_Interior_Design_Pte_Ltd_1988055195081992.png,,"🚨DIRECT CONTRACTOR SINGAPORE! Why Pay More On Renovation? Get Your Free Quote Today! BTO FLAT (items 1 to 26) Complete No Hidden Cost Package (Essential) 3 ROOM - $6988 4 ROOM - $7488 5 ROOM - $7988 RESALE FLAT (items 1 to 53) Complete Makeover Package (Full Hacking) 3 ROOM - $23,988 4 ROOM - $26,988 5 ROOM - $28,988 EA FLAT - $30,988 Schedule An Appointment With Us Today, Call Now 6291 4846 !!!"
Casa Interior Design Pte Ltd,4,1863520620874987,Casa Interior Design Pte Ltd,29 Jul 2025,https://www.facebook.com/ads/library/?id=1863520620874987,ad_screenshots/Casa_Interior_Design_Pte_Ltd_1863520620874987.png,,"🔥DIRECT CONTRACTOR SINGAPORE🔥 📌3 ROOM - $6588 📌4 ROOM - $7088 📌5 ROOM - $7588 Why Pay More On Renovation? Get Your Free Quote Today! RESALE FLAT (items 1 to 53) Complete Makeover Package (Full Hacking) 3 ROOM - $23,388 4 ROOM - $26,388 5 ROOM - $28,388 EA FLAT - $30,388 BTO FLAT (items 1 to 26) Complete No Hidden Cost Package (Essential) 3 ROOM - $6588 4 ROOM - $7088 5 ROOM - $7588 Schedule An Appointment With Us Today, Call Now 6291 4846 !!!"
Casa Interior Design Pte Ltd,5,1472453083950032,Casa Interior Design Pte Ltd,29 Aug 2025,https://www.facebook.com/ads/library/?id=1472453083950032,ad_screenshots/Casa_Interior_Design_Pte_Ltd_1472453083950032.png,,"🔥DIRECT CONTRACTOR SINGAPORE🔥 📌 3room $23,988 📌 4room $26,988 📌 5room $28,988 Why Pay More On Renovation? Get Your Free Quote Today! BTO FLAT (items 1 to 26) Complete No Hidden Cost Package (Essential) 3 ROOM - $6988 4 ROOM - $7488 5 ROOM - $7988 RESALE FLAT (items 1 to 53) Complete Makeover Package (Full Hacking) 3 ROOM - $23,988 4 ROOM - $26,988 5 ROOM - $28,988 EA FLAT - $30,988 Schedule An Appointment With Us Today, Call Now 6291 4846 !!!"
Casa Interior Design Pte Ltd,6,3950915345218587,Casa Interior Design Pte Ltd,3 Aug 2025,https://www.facebook.com/ads/library/?id=3950915345218587,ad_screenshots/Casa_Interior_Design_Pte_Ltd_3950915345218587.png,,"SG's No.1 Best Price Renovation! Unbeatable Renovation Price! Why Pay More On Renovation? Get Your Free Quote Today! BTO FLAT (items 1 to 26) Complete No Hidden Cost Package (Essential) 3 ROOM - $6988 4 ROOM - $7488 5 ROOM - $7988 RESALE FLAT (items 1 to 53) Complete Makeover Package (Full Hacking) 3 ROOM - $23,988 4 ROOM - $26,988 5 ROOM - $28,988 EA FLAT - $30,988 Schedule An Appointment With Us Today, Call Now 6291 4846 !!!"
Casa Interior Design Pte Ltd,7,2268145883623392,Casa Interior Design Pte Ltd,29 Aug 2025,https://www.facebook.com/ads/library/?id=2268145883623392,ad_screenshots/Casa_Interior_Design_Pte_Ltd_2268145883623392.png,,"🔥DIRECT CONTRACTOR SINGAPORE🔥 📌 3room $23,988 📌 4room $26,988 📌 5room $28,988 Why Pay More On Renovation? Get Your Free Quote Today! BTO FLAT (items 1 to 26) Complete No Hidden Cost Package (Essential) 3 ROOM - $6988 4 ROOM - $7488 5 ROOM - $7988 RESALE FLAT (items 1 to 53) Complete Makeover Package (Full Hacking) 3 ROOM - $23,988 4 ROOM - $26,988 5 ROOM - $28,988 EA FLAT - $30,988 Schedule An Appointment With Us Today, Call Now 6291 4846 !!!"
Casa Interior Design Pte Ltd,8,1830141927640939,Casa Interior Design Pte Ltd,29 Jan 2026,https://www.facebook.com/ads/library/?id=1830141927640939,ad_screenshots/Casa_Interior_Design_Pte_Ltd_1830141927640939.png,,"DIRECT CONTRACTOR SINGAPORE! Get Your Free Quote Today! UNBEATABLE RENOVATION PRICE! BTO FLAT (items 1 to 26) Complete No Hidden Cost Package (Essential) 3 ROOM - $6988 4 ROOM - $7488 5 ROOM - $7988 RESALE FLAT (items 1 to 53) Complete Makeover Package (Full Hacking) 3 ROOM - $23,988 4 ROOM - $26,988 5 ROOM - $28,988 EA FLAT - $30,988 Why Pay More On Renovation? Get Your Free Quote Today! Schedule An Appointment With Us Today, Call Now 6291 4846 !!!"
Casa Interior Design Pte Ltd,9,1864611067502385,Casa Interior Design Pte Ltd,29 Aug 2025,https://www.facebook.com/ads/library/?id=1864611067502385,ad_screenshots/Casa_Interior_Design_Pte_Ltd_1864611067502385.png,,"SG's No.1 Best Price Renovation! Unbeatable Renovation Price! Why Pay More On Renovation? Get Your Free Quote Today! BTO FLAT (items 1 to 26) Complete No Hidden Cost Package (Essential) 3 ROOM - $6988 4 ROOM - $7488 5 ROOM - $7988 RESALE FLAT (items 1 to 53) Complete Makeover Package (Full Hacking) 3 ROOM - $23,988 4 ROOM - $26,988 5 ROOM - $28,988 EA FLAT - $30,988 Schedule An Appointment With Us Today, Call Now 6291 4846 !!!"
Casa Interior Design Pte Ltd,10,1641945437239331,Casa Interior Design Pte Ltd,31 Jan 2026,https://www.facebook.com/ads/library/?id=1641945437239331,ad_screenshots/Casa_Interior_Design_Pte_Ltd_1641945437239331.png,,"DIRECT CONTRACTOR SINGAPORE !!! 📌 3room $23,988 📌 4room $26,988 📌 5room $28,988 ______ Why Pay More On Renovation? Get Your Free Quote Today! BTO FLAT (items 1 to 26) Complete No Hidden Cost Package (Essential) 3 ROOM - $6988 4 ROOM - $7488 5 ROOM - $7988 RESALE FLAT (items 1 to 53) Complete Makeover Package (Full Hacking) 3 ROOM - $23,988 4 ROOM - $26,988 5 ROOM - $28,988 EA FLAT - $30,988 Schedule An Appointment With Us Today, Call Now 6291 4846 !!!"
Ciseern by Designer Furnishings Pte Ltd,1,1012694597582390,Ciseern by Designer Furnishings Pte Ltd,30 Aug 2025,https://www.facebook.com/ads/library/?id=1012694597582390,ad_screenshots/Ciseern_by_Designer_Furnishings_Pte_Ltd_1012694597582390.png,,"Get expert planning, stylish design, smooth execution and reliable after-sales, all in one place at Ciseern!
Click Here to View Our Socials 𝗢𝗥 Reach Out to Us
Click Here to View Our Google Reviews From Our Homeowners
Once Our Customer, Forever Our Customer
Our Accreditation:
➤ 28 Years Pioneer Leader in the Interior Design Industry
➤ CaseTrust-RCMA Joint Accredited ID Company
➤ Prestigious Spirit of Enterprise 2005 Honouree
➤ Singapore Prestige Brand Award 2008 & 2012
➤ Appointed Designer for the HDB Showflat from 2017 to 2028
➤ Singapore Quality Class 2018 Honouree
➤ Awarded the “HDB Quality Partner Award 2020” from the Housing Development Board (HDB)
➤ Awarded Multiple Showflats For Local & Overseas Developers
➤ Designed Celebrity Showflats for Actresses such as Julie Tan, Jesseca Liu & More
➤ Courts Preferred Partner
➤ Top 10 Nippon Paint Designers of Choice
➤ BCA Registered Contractor
Our Assurance:
➤ 100% Deposit Money-Back Guarantee Insured by NTUC
➤ Designed Dream Homes For Over 20,000 Homeowners
➤ Importer For Our 100% Waterproof & Termite-Free Board With 25 Years Warranty
➤ Providing Only Premium Materials & Quality - With A Guaranteed Lifetime Warranty On Our Cabinet Mechanism
➤ Excellent Ratings: 4.7/5 Stars on Google Reviews, 4.9/5 Stars on Qanvast, 5/5 Stars on Renopedia
➤ Customized Designs By Our In-House Designers
➤ Professional Aftersales & Customer Support Service
➤ Formaldehyde-free plywood, internal PVC, and adhesive
Various Schemes Available:
➤ EasiPay Scheme (As Low As $275 Per Month)
➤ Renovation Packages from $13,088 onwards
**T&C apply
𝗛𝗲𝗮𝗱 𝗗𝗼𝘄𝗻 𝘁𝗼 𝗩𝗶𝘀𝗶𝘁 𝗨𝘀 𝗧𝗼𝗱𝗮𝘆:
• 1 Tampines North Drive 1 #01-37 19000 Sqft @ T-Space Building, Singapore 528559, Next to Courts, Giant and IKEA
𝗢𝗽𝗲𝗻𝗶𝗻𝗴 𝗛𝗼𝘂𝗿𝘀:
Mon - Sat 11am - 8pm
Sun & PH 12pm - 6pm
𝗖𝗼𝗻𝘁𝗮𝗰𝘁 𝗨𝘀:
Do Whatsapp Us At +65 8777 0078 For Enquiries Or To Book Your Free ID Consultation
For projects over $200K, kindly WhatsApp us at +65 9790 7222"
Ciseern by Designer Furnishings Pte Ltd,2,1507556640236068,Ciseern by Designer Furnishings Pte Ltd,31 Aug 2025,https://www.facebook.com/ads/library/?id=1507556640236068,ad_screenshots/Ciseern_by_Designer_Furnishings_Pte_Ltd_1507556640236068.png,,"Award-Winning Designer for 28 Years! Leading the way in timeless interiors, locally & overseas. Get a FREE design consultation at our 19,000 sqft T-Space showroom! 📍 Explore ideas or bring your vision to life with our experts. Book now and enjoy a personalized experience!"
Ciseern by Designer Furnishings Pte Ltd,3,1528520785399703,Ciseern by Designer Furnishings Pte Ltd,15 Apr 2026,https://www.facebook.com/ads/library/?id=1528520785399703,ad_screenshots/Ciseern_by_Designer_Furnishings_Pte_Ltd_1528520785399703.png,,"Your family's safety starts with the materials you don't see!
At Ciseern, we go the extra mile—submitting our own plywood for independent testing to ensure it meets strict low-formaldehyde standards.
Click Here to View Our Socials 𝗢𝗥 Reach Out to Us
Click Here to View Our Google Reviews From Our Homeowners
Once Our Customer, Forever Our Customer
Our Accreditation:
➤ 28 Years Pioneer Leader in the Interior Design Industry
➤ CaseTrust-RCMA Joint Accredited ID Company
➤ Prestigious Spirit of Enterprise 2005 Honouree
➤ Singapore Prestige Brand Award 2008 & 2012
➤ Appointed Designer for the HDB Showflat from 2017 to 2028
➤ Singapore Quality Class 2018 Honouree
➤ Awarded the “HDB Quality Partner Award 2020” from the Housing Development Board (HDB)
➤ Awarded Multiple Showflats For Local & Overseas Developers
➤ Designed Celebrity Showflats for Actresses such as Julie Tan, Jesseca Liu & More
➤ Courts Preferred Partner
➤ Top 10 Nippon Paint Designers of Choice
➤ BCA Registered Contractor
Our Assurance:
➤ 100% Deposit Money-Back Guarantee Insured by NTUC
➤ Designed Dream Homes For Over 20,000 Homeowners
➤ Importer For Our 100% Waterproof & Termite-Free Board With 25 Years Warranty
➤ Providing Only Premium Materials & Quality - With A Guaranteed Lifetime Warranty On Our Cabinet Mechanism
➤ Excellent Ratings: 4.7/5 Stars on Google Reviews, 4.9/5 Stars on Qanvast, 5/5 Stars on Renopedia
➤ Customized Designs By Our In-House Designers
➤ Professional Aftersales & Customer Support Service
➤ Formaldehyde-free plywood, internal PVC, and adhesive
Various Schemes Available:
➤ EasiPay Scheme (As Low As $275 Per Month)
➤ Renovation Packages from $13,088 onwards
**T&C apply
𝗛𝗲𝗮𝗱 𝗗𝗼𝘄𝗻 𝘁𝗼 𝗩𝗶𝘀𝗶𝘁 𝗨𝘀 𝗧𝗼𝗱𝗮𝘆:
• 1 Tampines North Drive 1 #01-37 19000 Sqft @ T-Space Building, Singapore 528559, Next to Courts, Giant and IKEA
𝗢𝗽𝗲𝗻𝗶𝗻𝗴 𝗛𝗼𝘂𝗿𝘀:
Mon - Sat 11am - 8pm
Sun & PH 12pm - 6pm
𝗖𝗼𝗻𝘁𝗮𝗰𝘁 𝗨𝘀:
Do Whatsapp Us At +65 8777 0078 For Enquiries Or To Book Your Free ID Consultation
For projects over $200K, kindly WhatsApp us at +65 9790 7222"
Ciseern by Designer Furnishings Pte Ltd,4,968270676139658,Ciseern by Designer Furnishings Pte Ltd,1 Apr 2026,https://www.facebook.com/ads/library/?id=968270676139658,ad_screenshots/Ciseern_by_Designer_Furnishings_Pte_Ltd_968270676139658.png,,"For 28 years, Ciseern has had the privilege of walking alongside Singaporeans on one of life’s biggest journeys—turning a house into a home.
With the honour of being the Appointed Designer for HDB’s My Nice Home Gallery Showflats for 11 consecutive years, we’ve been trusted to shape thoughtful, timeless interiors for more than 20,000 homeowners.
At Ciseern, we believe every home tells a story. That’s why our experienced designers take the time to understand your lifestyle, needs, and dreams—so we can bring your vision to life with care, creativity, and reliability.
✨ Visit our 19,000 sqft award-winning showroom at T-Space and see what’s possible for your new home.
Whether you’re just exploring ideas or ready to start your renovation journey, you’ll enjoy a complimentary design consultation tailored to you.
📍 1 Tampines North Dr. 1, #01-37
Walk-ins are always welcome—or book an appointment for a more personalised experience."
Ciseern by Designer Furnishings Pte Ltd,5,799618313006851,Ciseern by Designer Furnishings Pte Ltd,8 May 2026,https://www.facebook.com/ads/library/?id=799618313006851,ad_screenshots/Ciseern_by_Designer_Furnishings_Pte_Ltd_799618313006851.png,,"🚨 THE WAIT IS OVER — CISEERN’S MUST-VISIT OPENHOUSE RETURNS 🚨
🗓 30 & 31 May | 11AM–7PM (2 DAYS ONLY)
📍 1 Tampines North Drive 1, #01-37 T-Space Building
(Near Courts, Giant & IKEA)
💥 WHY YOU SHOULDN’T MISS THIS:
🎁 Welcome gifts worth up to $1,000 with no purchase required
🎉 Wheely Big Spin worth up to $1488
🎁 Free Sofa/Dining Set worth $3000 or $800 GainCity Cash Vouchers
🍱 Lunch buffet and refreshments provided
⭐ Singapore Leading Premium ID Packages starting from $13,088 only
💳 0% interest installments up to 24 months
🛡️ Full deposit protection for peace of mind
🌟 Trusted by over 20,000 homeowners
🏆 Appointed Designer for HDB Showflats Since 2017 at HDB Hub My Nice Home Gallery
🏡 Whether you’re:
✨ Collecting your BTO keys
✨ Upgrading your resale home
✨ Revamping your kitchen & bathroom
✨ Designing your ideal condo/landed space
We have a team of professional designers to assist you.
⚠️ This is not a regular promotion. Once it’s over, it’s over.
High demand expected and slots are limited, so RSVP EARLY ⚠️"
Ciseern by Designer Furnishings Pte Ltd,6,1351976656851147,Ciseern by Designer Furnishings Pte Ltd,8 May 2026,https://www.facebook.com/ads/library/?id=1351976656851147,ad_screenshots/Ciseern_by_Designer_Furnishings_Pte_Ltd_1351976656851147.png,,"🚨 THE WAIT IS OVER — CISEERN’S MUST-VISIT OPENHOUSE RETURNS 🚨
🗓 30 & 31 May | 11AM–7PM (2 DAYS ONLY)
📍 1 Tampines North Drive 1, #01-37 T-Space Building
(Near Courts, Giant & IKEA)
💥 WHY YOU SHOULDN’T MISS THIS:
🎁 Welcome gifts worth up to $1,000 with no purchase required
🎉 Wheely Big Spin worth up to $1488
🎁 Free Sofa/Dining Set worth $3000 or $800 GainCity Cash Vouchers
🍱 Lunch buffet and refreshments provided
⭐ Singapore Leading Premium ID Packages starting from $13,088 only
💳 0% interest installments up to 24 months
🛡️ Full deposit protection for peace of mind
🌟 Trusted by over 20,000 homeowners
🏆 Appointed Designer for HDB Showflats Since 2017 at HDB Hub My Nice Home Gallery
🏡 Whether you’re:
✨ Collecting your BTO keys
✨ Upgrading your resale home
✨ Revamping your kitchen & bathroom
✨ Designing your ideal condo/landed space
We have a team of professional designers to assist you. Slots are limited, so RSVP EARLY ⚠️"
Ciseern by Designer Furnishings Pte Ltd,7,1493097032475357,Ciseern by Designer Furnishings Pte Ltd,8 May 2026,https://www.facebook.com/ads/library/?id=1493097032475357,ad_screenshots/Ciseern_by_Designer_Furnishings_Pte_Ltd_1493097032475357.png,,"🚨 THE WAIT IS OVER — CISEERN’S MUST-VISIT OPENHOUSE RETURNS 🚨
🗓 30 & 31 May | 11AM–7PM (2 DAYS ONLY)
📍 1 Tampines North Drive 1, #01-37 T-Space Building
(Near Courts, Giant & IKEA)
💥 WHY YOU SHOULDN’T MISS THIS:
🎁 Welcome gifts worth up to $1,000 with no purchase required
🎉 Wheely Big Spin worth up to $1488
🎁 Free Sofa/Dining Set worth $3000 or $800 GainCity Cash Vouchers
🍱 Lunch buffet and refreshments provided
⭐ Singapore Leading Premium ID Packages starting from $13,088 only
💳 0% interest installments up to 24 months
🛡️ Full deposit protection for peace of mind
🌟 Trusted by over 20,000 homeowners
🏆 Appointed Designer for HDB Showflats Since 2017 at HDB Hub My Nice Home Gallery
🏡 Whether you’re:
✨ Collecting your BTO keys
✨ Upgrading your resale home
✨ Revamping your kitchen & bathroom
✨ Designing your ideal condo/landed space
We have a team of professional designers to assist you.
High demand expected and slots are limited, so RSVP EARLY ⚠️"
Ciseern by Designer Furnishings Pte Ltd,8,841963291718907,Ciseern by Designer Furnishings Pte Ltd,8 May 2026 · Total active time 11 hrs,https://www.facebook.com/ads/library/?id=841963291718907,ad_screenshots/Ciseern_by_Designer_Furnishings_Pte_Ltd_841963291718907.png,,"🚨 THE WAIT IS OVER — CISEERN’S MUST-VISIT OPENHOUSE RETURNS 🚨
🗓 30 & 31 May | 11AM–7PM (2 DAYS ONLY)
📍 1 Tampines North Drive 1, #01-37 T-Space Building
(Near Courts, Giant & IKEA)
💥 WHY YOU SHOULDN’T MISS THIS:
🎁 Welcome gifts worth up to $1,000 with no purchase required
🎉 Wheely Big Spin worth up to $1488
🎁 Free Sofa/Dining Set worth $3000 or $800 GainCity Cash Vouchers
🍱 Lunch buffet and refreshments provided
⭐ Singapore Leading Premium ID Packages starting from $13,088 only
💳 0% interest installments up to 24 months
🛡️ Full deposit protection for peace of mind
🌟 Trusted by over 20,000 homeowners
🏆 Appointed Designer for HDB Showflats Since 2017 at HDB Hub My Nice Home Gallery
🏡 Whether you’re:
✨ Collecting your BTO keys
✨ Upgrading your resale home
✨ Revamping your kitchen & bathroom
✨ Designing your ideal condo/landed space
We have a team of professional designers to assist you. Slots are limited, so RSVP EARLY ⚠️"
Ciseern by Designer Furnishings Pte Ltd,9,1453174519301518,Ciseern by Designer Furnishings Pte Ltd,8 May 2026,https://www.facebook.com/ads/library/?id=1453174519301518,ad_screenshots/Ciseern_by_Designer_Furnishings_Pte_Ltd_1453174519301518.png,,"🚨 THE WAIT IS OVER — CISEERN’S MUST-VISIT OPENHOUSE RETURNS 🚨
🗓 30 & 31 May | 11AM–7PM (2 DAYS ONLY)
📍 1 Tampines North Drive 1, #01-37 T-Space Building
(Near Courts, Giant & IKEA)
💥 WHY YOU SHOULDN’T MISS THIS:
🎁 Welcome gifts worth up to $1,000 with no purchase required
🎉 Wheely Big Spin worth up to $1488
🎁 Free Sofa/Dining Set worth $3000 or $800 GainCity Cash Vouchers
🍱 Lunch buffet and refreshments provided
⭐ Singapore Leading Premium ID Packages starting from $13,088 only
💳 0% interest installments up to 24 months
🛡️ Full deposit protection for peace of mind
🌟 Trusted by over 20,000 homeowners
🏆 Appointed Designer for HDB Showflats Since 2017 at HDB Hub My Nice Home Gallery
🏡 Whether you’re:
✨ Collecting your BTO keys
✨ Upgrading your resale home
✨ Revamping your kitchen & bathroom
✨ Designing your ideal condo/landed space
We have a team of professional designers to assist you.
High demand expected and slots are limited, so RSVP EARLY ⚠️"
Ciseern by Designer Furnishings Pte Ltd,10,835765662908721,Ciseern by Designer Furnishings Pte Ltd,8 May 2026,https://www.facebook.com/ads/library/?id=835765662908721,ad_screenshots/Ciseern_by_Designer_Furnishings_Pte_Ltd_835765662908721.png,,"🚨 THE WAIT IS OVER — CISEERN’S MUST-VISIT OPENHOUSE RETURNS 🚨
🗓 30 & 31 May | 11AM–7PM (2 DAYS ONLY)
📍 1 Tampines North Drive 1, #01-37 T-Space Building
(Near Courts, Giant & IKEA)
💥 WHY YOU SHOULDN’T MISS THIS:
🎁 Welcome gifts worth up to $1,000 with no purchase required
🎉 Wheely Big Spin worth up to $1488
🎁 Free Sofa/Dining Set worth $3000 or $800 GainCity Cash Vouchers
🍱 Lunch buffet and refreshments provided
⭐ Singapore Leading Premium ID Packages starting from $13,088 only
💳 0% interest installments up to 24 months
🛡️ Full deposit protection for peace of mind
🌟 Trusted by over 20,000 homeowners
🏆 Appointed Designer for HDB Showflats Since 2017 at HDB Hub My Nice Home Gallery
🏡 Whether you’re:
✨ Collecting your BTO keys
✨ Upgrading your resale home
✨ Revamping your kitchen & bathroom
✨ Designing your ideal condo/landed space
We have a team of professional designers to assist you.
⚠️ This is not a regular promotion. Once it’s over, it’s over.
High demand expected and slots are limited, so RSVP EARLY ⚠️"
The Interior Lab (TIL) Pte Ltd,1,4423230521238875,The Interior Lab - TIL Pte Ltd,30 Apr 2026,https://www.facebook.com/ads/library/?id=4423230521238875,ad_screenshots/The_Interior_Lab_TIL_Pte_Ltd_4423230521238875.png,,"We’re growing our team at The Interior Lab! If you’re passionate about crafting thoughtful, design-led homes and want to work on a diverse range of residential projects, we’d love to hear from you. Join a studio where ideas are valued, details matter, and every project is approached with intention. 📩 Send your portfolio to christina.oon@theinteriorlab.com.sg"
ChengYi Interior Design,1,26379996698327178,ChengYi Interior Design,31 Mar 2026,https://www.facebook.com/ads/library/?id=26379996698327178,ad_screenshots/ChengYi_Interior_Design_26379996698327178.png,,"𝘼𝙡𝙬𝙖𝙮𝙨 𝙙𝙧𝙚𝙖𝙢𝙚𝙙 𝙤𝙛 𝙗𝙚𝙘𝙤𝙢𝙞𝙣𝙜 𝙖𝙣 𝙞𝙣𝙩𝙚𝙧𝙞𝙤𝙧 𝙙𝙚𝙨𝙞𝙜𝙣𝙚𝙧? 𝙏𝙝𝙞𝙨 𝙘𝙤𝙪𝙡𝙙 𝙗𝙚 𝙞𝙩. ✨
At 𝗖𝗵𝗲𝗻𝗴𝗬𝗶 𝗜𝗻𝘁𝗲𝗿𝗶𝗼𝗿 𝗗𝗲𝘀𝗶𝗴𝗻, we’re opening our doors to aspiring designers ready to take that first step.
Through mentorship, structured training, and real project exposure, you’ll gain the experience and confidence to step into the industry.
𝘽𝙚𝙘𝙖𝙪𝙨𝙚 𝙝𝙚𝙧𝙚, 𝙜𝙧𝙤𝙬𝙩𝙝 𝙞𝙨𝙣’𝙩 𝙡𝙚𝙛𝙩 𝙩𝙤 𝙘𝙝𝙖𝙣𝙘𝙚 - 𝙞𝙩’𝙨 𝙥𝙖𝙧𝙩 𝙤𝙛 𝙩𝙝𝙚 𝙟𝙤𝙪𝙧𝙣𝙚𝙮. 🤍
👉 Our April 2026 applications are open:"
ChengYi Interior Design,2,2979368465585288,ChengYi Interior Design,9 Apr 2026,https://www.facebook.com/ads/library/?id=2979368465585288,ad_screenshots/ChengYi_Interior_Design_2979368465585288.png,,"At CYID, we design with purpose - crafting high-quality spaces that reflect your lifestyle, preferences, and story. No templates, no shortcuts - just considered design by a committed team. Swipe up to speak with our designers and begin a personalised design journey with us."
ChengYi Interior Design,3,2127897151367791,ChengYi Interior Design,10 Apr 2026,https://www.facebook.com/ads/library/?id=2127897151367791,ad_screenshots/ChengYi_Interior_Design_2127897151367791.png,,"4 Room HDB… or Japanese Airbnb? 🎍🍂
Dressed in warm neutrals and grounded by deep walnut, this Modern Shibui home unfolds with a quiet, calming rhythm that feels a world away from the bustling Singapore.
Gentle curves weave through the space, adding subtle character without overwhelming the simplicity of each space. Thoughtful personal touches - from the mini indoor planter to the intimate reading corner - the home settles naturally into a pace of slow, mindful living, shared with both its owners and their furry companion.
Project: Modern Shibui
Designer: Joyce x Yan Yi | @1oyce x @yannnyi_cyid
☕ Curious how this design flows from room to room? Comment ‘PM’ to explore the full project!
#chengyiinteriordesign #modern #japanese #modernjapanese #sginterior #sginteriordesign #HDB #4roomhdb #HDBSingapore #living #dining #diningspace #diningroom #homestyling #interiordesignideas #renovation #livingdesign #sgreno #renovation #sgrenovation #interiorstyling #hdbrenovation #sginteriordesign #interiordesign #japandi #hdbresale"
ChengYi Interior Design,4,1459100262382120,ChengYi Interior Design,31 Mar 2026,https://www.facebook.com/ads/library/?id=1459100262382120,ad_screenshots/ChengYi_Interior_Design_1459100262382120.png,,"𝙀𝙫𝙚𝙧𝙮𝙤𝙣𝙚 𝙨𝙩𝙖𝙧𝙩𝙨 𝙨𝙤𝙢𝙚𝙬𝙝𝙚𝙧𝙚 - 𝙖𝙣𝙙 𝙩𝙝𝙞𝙨 𝙘𝙤𝙪𝙡𝙙 𝙗𝙚 𝙮𝙤𝙪𝙧𝙨. 💫
At 𝗖𝗵𝗲𝗻𝗴𝗬𝗶 𝗜𝗻𝘁𝗲𝗿𝗶𝗼𝗿 𝗗𝗲𝘀𝗶𝗴𝗻, we’re offering a 𝗖𝗼-𝗜𝗻𝘁𝗲𝗿𝗶𝗼𝗿 𝗗𝗲𝘀𝗶𝗴𝗻𝗲𝗿 𝗔𝗽𝗽𝗿𝗲𝗻𝘁𝗶𝗰𝗲𝘀𝗵𝗶𝗽 role for those who want hands-on experience in the industry. You’ll gain guidance, mentorship, and real opportunities to design and make an impact. 🌠
𝘽𝙚𝙘𝙖𝙪𝙨𝙚 𝙮𝙤𝙪𝙧 𝙥𝙖𝙨𝙨𝙞𝙤𝙣 𝙙𝙚𝙨𝙚𝙧𝙫𝙚𝙨 𝙖 𝙥𝙖𝙩𝙝.
👉Apply now:"
ChengYi Interior Design,5,1481672600153897,ChengYi Interior Design,31 Mar 2026,https://www.facebook.com/ads/library/?id=1481672600153897,ad_screenshots/ChengYi_Interior_Design_1481672600153897.png,,"𝘽𝙪𝙞𝙡𝙙 𝙨𝙠𝙞𝙡𝙡𝙨. 𝘽𝙪𝙞𝙡𝙙 𝙘𝙤𝙣𝙛𝙞𝙙𝙚𝙣𝙘𝙚. 🛠️
Gain hands-on experience, mentorship, and the structure you need to grow as a designer.
From real projects to guided learning, you’ll develop your craft with a team that supports you every step of the way.
👉 Apply here:"
ChengYi Interior Design,6,2137414610384220,ChengYi Interior Design,31 Mar 2026,https://www.facebook.com/ads/library/?id=2137414610384220,ad_screenshots/ChengYi_Interior_Design_2137414610384220.png,,"𝙄𝙛 𝙮𝙤𝙪’𝙫𝙚 𝙗𝙚𝙚𝙣 𝙬𝙖𝙞𝙩𝙞𝙣𝙜 𝙛𝙤𝙧 𝙖 𝙨𝙞𝙜𝙣 - 𝙩𝙝𝙞𝙨 𝙢𝙞𝙜𝙝𝙩 𝙗𝙚 𝙞𝙩. 💫
At 𝗖𝗵𝗲𝗻𝗴𝗬𝗶 𝗜𝗻𝘁𝗲𝗿𝗶𝗼𝗿 𝗗𝗲𝘀𝗶𝗴𝗻, our 𝗖𝗼-𝗜𝗻𝘁𝗲𝗿𝗶𝗼𝗿 𝗗𝗲𝘀𝗶𝗴𝗻𝗲𝗿 𝗔𝗽𝗽𝗿𝗲𝗻𝘁𝗶𝗰𝗲𝘀𝗵𝗶𝗽 is crafted for aspiring designers seeking real industry exposure.
Open to fresh graduates in Interior Design, Spatial Design, Architecture, and related disciplines, this opportunity offers mentorship, hands-on experience, and a space to refine your design voice.
𝘽𝙚𝙘𝙖𝙪𝙨𝙚 𝙜𝙧𝙚𝙖𝙩 𝙙𝙚𝙨𝙞𝙜𝙣𝙚𝙧𝙨 𝙖𝙧𝙚 𝙨𝙝𝙖𝙥𝙚𝙙 𝙩𝙝𝙧𝙤𝙪𝙜𝙝 𝙚𝙭𝙥𝙚𝙧𝙞𝙚𝙣𝙘𝙚.
👉 Apply now:"
ChengYi Interior Design,7,950238920709102,ChengYi Interior Design,9 Apr 2026,https://www.facebook.com/ads/library/?id=950238920709102,ad_screenshots/ChengYi_Interior_Design_950238920709102.png,,"At CYID, every home is thoughtfully designed to reflect the people - and furry companions - who live in it. With a detail-driven approach and a commitment to quality, we translate your story into a space that feels intentional and personal. Swipe up to book a complimentary consultation, thoughtfully tailored to your needs."
ChengYi Interior Design,8,1649377579588630,ChengYi Interior Design,30 Mar 2026,https://www.facebook.com/ads/library/?id=1649377579588630,ad_screenshots/ChengYi_Interior_Design_1649377579588630.png,,"Want a career in interior design? We're offering a Co-Interior Designer Apprenticeship! Get hands-on experience, guidance & real design opportunities. Your passion deserves a path. Apply now!"
ChengYi Interior Design,9,902496639275600,ChengYi Interior Design,31 Mar 2026,https://www.facebook.com/ads/library/?id=902496639275600,ad_screenshots/ChengYi_Interior_Design_902496639275600.png,,"𝙍𝙚𝙖𝙙𝙮 𝙩𝙤 𝙜𝙧𝙤𝙬 - 𝙬𝙞𝙩𝙝 𝙖 𝙩𝙚𝙖𝙢 𝙩𝙝𝙖𝙩 𝙜𝙧𝙤𝙬𝙨 𝙬𝙞𝙩𝙝 𝙮𝙤𝙪? ✨
At 𝗖𝗵𝗲𝗻𝗴𝗬𝗶 𝗜𝗻𝘁𝗲𝗿𝗶𝗼𝗿 𝗗𝗲𝘀𝗶𝗴𝗻, you won’t be figuring things out alone.
With structured training, mentorship, and a supportive team, we create an environment where designers are guided and empowered to grow - together.
Whether you’re just starting out or looking to level up, you’ll gain real project experience and hands-on guidance every step of the way.
Because here, growth isn’t left to chance - it’s part of the journey. 🤍
👉 Our April 2026 applications are open:"
ChengYi Interior Design,10,2745836499124567,ChengYi Interior Design,9 Apr 2026,https://www.facebook.com/ads/library/?id=2745836499124567,ad_screenshots/ChengYi_Interior_Design_2745836499124567.png,,"At CYID, we believe great design is never one-size-fits-all. Our dedicated designers take the time to understand your needs, ensuring every detail is thoughtfully tailored to you. Swipe up to book a complimentary consultation and discover a home designed with intention and quality."
Lemonfridge Studio,1,4278712722415711,Lemonfridge Studio,30 Oct 2025,https://www.facebook.com/ads/library/?id=4278712722415711,ad_screenshots/Lemonfridge_Studio_4278712722415711.png,,"It’s a reborn home that makes you feel whole the moment you step inside. Across 1,571 square feet, cohesion is carried through every detail, from sculptural terracotta ceiling tiers to glowing limewash walls and microcement floors. Tap in and see how a deeply considered design brings lasting comfort and enduring value.
Project — The Sienna Ripple
Designer — Louis
#cavedesign #singaporehomes #homedesign #bto #hdb #renovation #organicmodern #neutralliving #Biophilic #autumn #terracottadesign"
Lemonfridge Studio,2,839509902368092,Lemonfridge Studio,24 Oct 2025,https://www.facebook.com/ads/library/?id=839509902368092,ad_screenshots/Lemonfridge_Studio_839509902368092.png,,"Entryways deserve a second thought. This custom curved bench blends comfortable seating with concealed storage in one fluid, space‑saving piece that elegantly defines the area. It's the perfect welcome, right down to the last detail.
Project — The Sienna Ripple
Designer — Louis
#cavedesign #singaporehomes #homedesign #bto #hdb #renovation #organicmodern #neutralliving #Biophilic #autumn #terracottadesign"
Lemonfridge Studio,3,1736415830592560,Lemonfridge Studio,12 Mar 2025,https://www.facebook.com/ads/library/?id=1736415830592560,ad_screenshots/Lemonfridge_Studio_1736415830592560.png,,"Gain insight into the owner's perspective on their exquisite 3-storey inter terrace in Serangoon. Don't forget to check out our YouTube channel for the full story & head over to our website for full project photo!
Designer Kristie
📹 Youtube Channel :
🌏 Website :"
Lemonfridge Studio,4,946311201274862,Lemonfridge Studio,1 Apr 2026,https://www.facebook.com/ads/library/?id=946311201274862,ad_screenshots/Lemonfridge_Studio_946311201274862.png,,"This is NOT a joke! Most people think a smart home means messy wires and confusing gadgets added as an afterthought. It’s not.
A real smart home is about building a space that anticipates your needs from day one, ideal lighting, automated routines, and genuine comfort. Because honestly, no one wants to get out of bed just to check if the kitchen lights are still on.
If you’re planning a renovation, this is where it starts. Book with us from 01 April to 30 June 2026 and get your Smart Home Package at just $1,399, with FREE consultation and lighting perks included.
Sign up via the link in bio to secure your planning slot today.
#renovation #smarthome #interiordesign #singapore #promotion"
Lemonfridge Studio,5,1177580334542685,Lemonfridge Studio,17 Dec 2025,https://www.facebook.com/ads/library/?id=1177580334542685,ad_screenshots/Lemonfridge_Studio_1177580334542685.png,,"Scandinavian interiors aren’t just aesthetic—they’re built around function (hidden storage, multi-purpose pieces, clean flow).
Beauty + Function
Designed for real life"
Lemonfridge Studio,6,713889157785158,Lemonfridge Studio,30 Oct 2025,https://www.facebook.com/ads/library/?id=713889157785158,ad_screenshots/Lemonfridge_Studio_713889157785158.png,,"What did your dream kitchen look like before this?
For this project, the homeowner is drawn to a contemporary organic modern style. A mix of terracotta tiles and micro-cement flooring ties the whole mood together.
Project — The Sienna Ripple
Designer — Louis
#cavedesign #singaporehomes #homedesign #bto #hdb #renovation #organicmodern #neutralliving #Biophilic #autumn #terracottadesign #kitchendesign"
Lemonfridge Studio,7,616423951259226,Lemonfridge Studio,5 Mar 2025,https://www.facebook.com/ads/library/?id=616423951259226,ad_screenshots/Lemonfridge_Studio_616423951259226.png,,"Get inspired and see how we maximize space & storage in this 4-room abode! ✨ ""A house got to be a place where you are looking forward to going back to at the end of the day"" 🏡😊 Designer Evelyn"
Lemonfridge Studio,8,1143549943918780,Lemonfridge Studio,5 Mar 2025,https://www.facebook.com/ads/library/?id=1143549943918780,ad_screenshots/Lemonfridge_Studio_1143549943918780.png,,"""We wanted something Victorian, and the rest fell into place"" - Damien A home that checks all the boxes! Listen to our client's stories and see why they love their new home!🥰 Designer Boon"
Lemonfridge Studio,9,9189106104509002,Lemonfridge Studio,5 Mar 2025,https://www.facebook.com/ads/library/?id=9189106104509002,ad_screenshots/Lemonfridge_Studio_9189106104509002.png,,"Maximizing space, maximizing style! Meet Joey, who transformed her 3-room executive condo into a cozy home and found the perfect solution to her unique storage needs 🤍🌟 Designed by Royston"
Lemonfridge Studio,10,1090193636437832,Lemonfridge Studio,10 Dec 2025,https://www.facebook.com/ads/library/?id=1090193636437832,ad_screenshots/Lemonfridge_Studio_1090193636437832.png,,"Space constraints pose no barrier in this character-rich maisonette. Across two storeys, a clean aesthetic unfolds with fluid openness and carefully planned storage that cultivates a sense of peace. Neutral tones are enlivened by subtle surprises, while layered lighting and refined textures create a gentle radiance that brings the home’s spirit to life.
And the built-in arched alcove? Consider it the quiet confession that completes the story.
Project — A Tranquil Palette
Designer — Nixon
#minimalisthome #singaporehomes #homedesign #bto #hdb #renovation #modernminimalist #neutralliving #scandinaviandesign #kitchendesign #bedroomdesign"
Supreme houzz design Pte Ltd,1,1461477218323824,Supreme Houzz Design - Central 至上家设计,27 Jul 2025,https://www.facebook.com/ads/library/?id=1461477218323824,ad_screenshots/Supreme_houzz_design_Pte_Ltd_1461477218323824.png,Supreme houzz design,"Kitchen Package: $4034 NETT ONLY. 😱 No hidden costs. No min purchase required. Not a gimmick! What's included:
✅ High-grade 20ft laminated kitchen cabinet
✅ ABS trimming doors
✅ Soft closing hinges on all doors
✅ FREE internal color/woodgrain PVC
✅ 10ft premium quartz worktop (free upgrade to sintered slab)
✅ 2-tier stainless steel dish rack, glass door, & hydraulic system
✅ 3 drawer sets with cutlery tray
Special BONUS:
😱 Free hood, hob, sink and tap worth $1288
😱 5 YEARS warranty with after sales service on workmanship
😱 Lifetime warranty for all BLUM mechanism
You can now have a brand new kitchen without having to spend a bomb!
Contact us and our experts can start creating your brand new kitchen very soon :)"
Supreme houzz design Pte Ltd,2,791848363210420,Supreme Houzz Design - Central 至上家设计,27 Jul 2025,https://www.facebook.com/ads/library/?id=791848363210420,ad_screenshots/Supreme_houzz_design_Pte_Ltd_791848363210420.png,Supreme houzz design,"Kitchen Package: $4034 NETT ONLY. 😱 No hidden costs. No min purchase required. Not a gimmick! What's included:
✅ High-grade 20ft laminated kitchen cabinet
✅ ABS trimming doors
✅ Soft closing hinges on all doors
✅ FREE internal color/woodgrain PVC
✅ 10ft premium quartz worktop (free upgrade to sintered slab)
✅ 2-tier stainless steel dish rack, glass door, & hydraulic system
✅ 3 drawer sets with cutlery tray
Special BONUS:
😱 Free hood, hob, sink and tap worth $1288
😱 5 YEARS warranty with after sales service on workmanship
😱 Lifetime warranty for all BLUM mechanism
You can now have a brand new kitchen without having to spend a bomb!
Contact us and our experts can start creating your brand new kitchen very soon :)"
Supreme houzz design Pte Ltd,3,1324107605810067,Supreme Houzz Design - Central 至上家设计,27 Jul 2025,https://www.facebook.com/ads/library/?id=1324107605810067,ad_screenshots/Supreme_houzz_design_Pte_Ltd_1324107605810067.png,Supreme houzz design,"Only $4034 NETT!! (Usually $10k!)! Full Kitchen Makeover + FREE Hood, Hob, Sink & Tap (Worth $1,288)
✅ No hidden costs
✅ No minimum purchase
✅ No gimmicks, just real value
Here’s What You Get:
✅ 20ft High-Grade Laminated Kitchen Cabinet
✅ ABS Trimming on All Doors
✅ Soft-Closing Hinges Included
✅ FREE Internal PVC Finish, Color or Woodgrain
✅ 10ft Premium Quartz Worktop (Upgraded FREE to Sintered Slab)
✅ 2-Tier Stainless Steel Dish Rack with Glass Door & Hydraulic System
✅ 3 Drawer Sets with Built-in Cutlery Tray
Limited-Time Bonuses (Worth Over $1,288):
🎁 Free Hood, Hob, Sink & Tap
🎁 5-Year Warranty on Workmanship + After-Sales Support
🎁 Lifetime Warranty on All BLUM Mechanisms
Why spend more on your kitchen when you can get it all, premium finishes, expert workmanship, and valuable bonuses, for just $4,034 NETT?
Message us now to lock in this offer and book your FREE design consultation."
Supreme houzz design Pte Ltd,4,1403971894045404,Supreme Houzz Design - Central 至上家设计,27 Jul 2025,https://www.facebook.com/ads/library/?id=1403971894045404,ad_screenshots/Supreme_houzz_design_Pte_Ltd_1403971894045404.png,Supreme houzz design,"Resale Reno Package: $22,888 NETT ONLY. PLUS A FREE 55"" PRISM TV! 😱 No hidden costs. No min purchase required. Not a gimmick! What's included:
Special Bonuses:
😱 5 YEARS warranty with after sales service on workmanship
😱 Lifetime warranty for all BLUM mechanism
Professional services:
✍️ Design consultation + space planning
✍️ Design proposal + 3D drawing
✍️ Project management + detailed timeline + site supervision
Demolition works:
🔨 Hack & Remove Existing Floor & Wall Tiles at Kitchen
🔨 Hack & Remove Existing Floor & Wall Tiles at 2 Bathrooms
🔨 Hack & Remove Existing Cement Motar Base at Kitchen
🔨 Hack & Remove Existing Fridge/Washer Base at Kitchen
🔨 Dismantle & Remove Existing Doors at 2 Bathrooms
🔨 Dismantle & Remove All Fixtures & Accessories at 2 Bathrooms
🔨 Dismantle & Remove All Existing Cabinets at Kitchen
Carpentry:
🧱 20ft Kitchen Cabinet
🧱 10ft Premium Sintered Slab Worktop
Masonry Works:
🏡 Construct Kitchen Cabinet Cement Base
🏡 Water Proofing Membrane (Kitchen & 2 Bathrooms)
🏡 Lay Floor & Wall Tiles (Kitchen & 2 Bathrooms)
Painting Works:
🏗 Painting of Whole Unit (Internal Walls + Ceiling) - NIPPON Vinilex 5000
🏗 Painting Of All Pipes, Door Frames & Gate with NIPPON Gloss Paint
Electrical Works:
⚡️ Install & Connect Cooker Hood
⚡️ Connect Water Heater Point
Door Works:
🚪 Supply & Install 2 x Slide & Swing Bathroom Doors
Plumbing Works:
✅ Install 2 x Heater
✅ Install 2 x Stainless Steel Piping
✅ Install 2 x WC for bathrooms
✅ Install 2 x Bidet Sprays
✅ Install 2 x Basins & Taps
✅ Install Toilet Accessories at 2 Bathrooms
✅ Supply & Install Cold Stainless Steel Water Piping At Kitchen & 2 Bathrooms
Misc Works:
🚧 Haulage of Materials & Tiles
🚧 Floor Protection Works
🚧 Rubbish Disposal x 2 Trips
🚧 Post Reno Cleaning
🚧 3D Illustration Drawings
If you get this package today, these comes FREE:
🤩 Free BLUM Aventos HK (1 set)
🤩 Free Premium Soft Closing Hinges
🤩 Free Upgrade To Sintered Slab Worktop
AND A FREE 55"" PRISM TV!
You can move into your new home without spending a bomb.
Because... why should you?
Contact us and our experts will help you build your ideal home today."
Supreme houzz design Pte Ltd,5,1269182151073413,Supreme Houzz Design - Central 至上家设计,27 Jul 2025,https://www.facebook.com/ads/library/?id=1269182151073413,ad_screenshots/Supreme_houzz_design_Pte_Ltd_1269182151073413.png,Supreme houzz design,"Resale Reno Package: $22,888 NETT ONLY. PLUS A FREE 55"" PRISM TV! 😱 No hidden costs. No min purchase required. Not a gimmick! What's included:
Special Bonuses:
😱 5 YEARS warranty with after sales service on workmanship
😱 Lifetime warranty for all BLUM mechanism
Professional services:
✍️ Design consultation + space planning
✍️ Design proposal + 3D drawing
✍️ Project management + detailed timeline + site supervision
Demolition works:
🔨 Hack & Remove Existing Floor & Wall Tiles at Kitchen
🔨 Hack & Remove Existing Floor & Wall Tiles at 2 Bathrooms
🔨 Hack & Remove Existing Cement Motar Base at Kitchen
🔨 Hack & Remove Existing Fridge/Washer Base at Kitchen
🔨 Dismantle & Remove Existing Doors at 2 Bathrooms
🔨 Dismantle & Remove All Fixtures & Accessories at 2 Bathrooms
🔨 Dismantle & Remove All Existing Cabinets at Kitchen
Carpentry:
🧱 20ft Kitchen Cabinet
🧱 10ft Premium Sintered Slab Worktop
Masonry Works:
🏡 Construct Kitchen Cabinet Cement Base
🏡 Water Proofing Membrane (Kitchen & 2 Bathrooms)
🏡 Lay Floor & Wall Tiles (Kitchen & 2 Bathrooms)
Painting Works:
🏗 Painting of Whole Unit (Internal Walls + Ceiling) - NIPPON Vinilex 5000
🏗 Painting Of All Pipes, Door Frames & Gate with NIPPON Gloss Paint
Electrical Works:
⚡️ Install & Connect Cooker Hood
⚡️ Connect Water Heater Point
Door Works:
🚪 Supply & Install 2 x Slide & Swing Bathroom Doors
Plumbing Works:
✅ Install 2 x Heater
✅ Install 2 x Stainless Steel Piping
✅ Install 2 x WC for bathrooms
✅ Install 2 x Bidet Sprays
✅ Install 2 x Basins & Taps
✅ Install Toilet Accessories at 2 Bathrooms
✅ Supply & Install Cold Stainless Steel Water Piping At Kitchen & 2 Bathrooms
Misc Works:
🚧 Haulage of Materials & Tiles
🚧 Floor Protection Works
🚧 Rubbish Disposal x 2 Trips
🚧 Post Reno Cleaning
🚧 3D Illustration Drawings
If you get this package today, these comes FREE:
🤩 Free BLUM Aventos HK (1 set)
🤩 Free Premium Soft Closing Hinges
🤩 Free Upgrade To Sintered Slab Worktop
AND A FREE 55"" PRISM TV!
You can move into your new home without spending a bomb.
Because... why should you?
Contact us and our experts will help you build your ideal home today."
Supreme houzz design Pte Ltd,6,1439456333771246,Supreme Houzz Design - Central 至上家设计,27 Jul 2025,https://www.facebook.com/ads/library/?id=1439456333771246,ad_screenshots/Supreme_houzz_design_Pte_Ltd_1439456333771246.png,Supreme houzz design,"Resale Reno Package: $22,888 NETT ONLY. PLUS A FREE 55"" PRISM TV! 😱 No hidden costs. No min purchase required. Not a gimmick! What's included:
Special Bonuses:
😱 5 YEARS warranty with after sales service on workmanship
😱 Lifetime warranty for all BLUM mechanism
Professional services:
✍️ Design consultation + space planning
✍️ Design proposal + 3D drawing
✍️ Project management + detailed timeline + site supervision
Demolition works:
🔨 Hack & Remove Existing Floor & Wall Tiles at Kitchen
🔨 Hack & Remove Existing Floor & Wall Tiles at 2 Bathrooms
🔨 Hack & Remove Existing Cement Motar Base at Kitchen
🔨 Hack & Remove Existing Fridge/Washer Base at Kitchen
🔨 Dismantle & Remove Existing Doors at 2 Bathrooms
🔨 Dismantle & Remove All Fixtures & Accessories at 2 Bathrooms
🔨 Dismantle & Remove All Existing Cabinets at Kitchen
Carpentry:
🧱 20ft Kitchen Cabinet
🧱 10ft Premium Sintered Slab Worktop
Masonry Works:
🏡 Construct Kitchen Cabinet Cement Base
🏡 Water Proofing Membrane (Kitchen & 2 Bathrooms)
🏡 Lay Floor & Wall Tiles (Kitchen & 2 Bathrooms)
Painting Works:
🏗 Painting of Whole Unit (Internal Walls + Ceiling) - NIPPON Vinilex 5000
🏗 Painting Of All Pipes, Door Frames & Gate with NIPPON Gloss Paint
Electrical Works:
⚡️ Install & Connect Cooker Hood
⚡️ Connect Water Heater Point
Door Works:
🚪 Supply & Install 2 x Slide & Swing Bathroom Doors
Plumbing Works:
✅ Install 2 x Heater
✅ Install 2 x Stainless Steel Piping
✅ Install 2 x WC for bathrooms
✅ Install 2 x Bidet Sprays
✅ Install 2 x Basins & Taps
✅ Install Toilet Accessories at 2 Bathrooms
✅ Supply & Install Cold Stainless Steel Water Piping At Kitchen & 2 Bathrooms
Misc Works:
🚧 Haulage of Materials & Tiles
🚧 Floor Protection Works
🚧 Rubbish Disposal x 2 Trips
🚧 Post Reno Cleaning
🚧 3D Illustration Drawings
If you get this package today, these comes FREE:
🤩 Free BLUM Aventos HK (1 set)
🤩 Free Premium Soft Closing Hinges
🤩 Free Upgrade To Sintered Slab Worktop
AND A FREE 55"" PRISM TV!
You can move into your new home without spending a bomb.
Because... why should you?
Contact us and our experts will help you build your ideal home today."
Supreme houzz design Pte Ltd,7,4278983502329678,Supreme Houzz Design - Central 至上家设计,27 Jul 2025,https://www.facebook.com/ads/library/?id=4278983502329678,ad_screenshots/Supreme_houzz_design_Pte_Ltd_4278983502329678.png,Supreme houzz design,"Kitchen Package: $4034 NETT ONLY. 😱 No hidden costs. No min purchase required. Not a gimmick! What's included:
✅ High-grade 20ft laminated kitchen cabinet
✅ ABS trimming doors
✅ Soft closing hinges on all doors
✅ FREE internal color/woodgrain PVC
✅ 10ft premium quartz worktop (free upgrade to sintered slab)
✅ 2-tier stainless steel dish rack, glass door, & hydraulic system
✅ 3 drawer sets with cutlery tray
Special BONUS:
😱 Free hood, hob, sink and tap worth $1288
😱 5 YEARS warranty with after sales service on workmanship
😱 Lifetime warranty for all BLUM mechanism
You can now have a brand new kitchen without having to spend a bomb!
Contact us and our experts can start creating your brand new kitchen very soon :)"
Supreme houzz design Pte Ltd,8,1029563829250165,Supreme Houzz Design - Central 至上家设计,27 Jul 2025,https://www.facebook.com/ads/library/?id=1029563829250165,ad_screenshots/Supreme_houzz_design_Pte_Ltd_1029563829250165.png,Supreme houzz design,"Only $4034 NETT!! (Usually $10k!)! Full Kitchen Makeover + FREE Hood, Hob, Sink & Tap (Worth $1,288)
✅ No hidden costs
✅ No minimum purchase
✅ No gimmicks, just real value
Here’s What You Get:
✅ 20ft High-Grade Laminated Kitchen Cabinet
✅ ABS Trimming on All Doors
✅ Soft-Closing Hinges Included
✅ FREE Internal PVC Finish, Color or Woodgrain
✅ 10ft Premium Quartz Worktop (Upgraded FREE to Sintered Slab)
✅ 2-Tier Stainless Steel Dish Rack with Glass Door & Hydraulic System
✅ 3 Drawer Sets with Built-in Cutlery Tray
Limited-Time Bonuses (Worth Over $1,288):
🎁 Free Hood, Hob, Sink & Tap
🎁 5-Year Warranty on Workmanship + After-Sales Support
🎁 Lifetime Warranty on All BLUM Mechanisms
Why spend more on your kitchen when you can get it all, premium finishes, expert workmanship, and valuable bonuses, for just $4,034 NETT?
Message us now to lock in this offer and book your FREE design consultation."
Supreme houzz design Pte Ltd,9,1547413993305404,Supreme Houzz Design - Central 至上家设计,27 Jul 2025,https://www.facebook.com/ads/library/?id=1547413993305404,ad_screenshots/Supreme_houzz_design_Pte_Ltd_1547413993305404.png,Supreme houzz design,"Kitchen Renovation Deal – Just $4,034 NETT
Full Kitchen Makeover + FREE Hood, Hob, Sink & Tap (Worth $1,288)
✅ No hidden costs
✅ No minimum purchase
✅ No gimmicks — just real value
Here’s What You Get:
✅ 20ft High-Grade Laminated Kitchen Cabinet
✅ ABS Trimming on All Doors
✅ Soft-Closing Hinges Included
✅ FREE Internal PVC Finish – Color or Woodgrain
✅ 10ft Premium Quartz Worktop (Upgraded FREE to Sintered Slab)
✅ 2-Tier Stainless Steel Dish Rack with Glass Door & Hydraulic System
✅ 3 Drawer Sets with Built-in Cutlery Tray
Limited-Time Bonuses (Worth Over $1,288):
🎁 Free Hood, Hob, Sink & Tap
🎁 5-Year Warranty on Workmanship + After-Sales Support
🎁 Lifetime Warranty on All BLUM Mechanisms
Why spend more on your kitchen when you can get it all — premium finishes, expert workmanship, and valuable bonuses — for just $4,034 NETT?
📩 Message us now to lock in this offer and book your FREE design consultation."
Supreme houzz design Pte Ltd,10,1077405567279438,Supreme Houzz Design - Central 至上家设计,27 Jul 2025,https://www.facebook.com/ads/library/?id=1077405567279438,ad_screenshots/Supreme_houzz_design_Pte_Ltd_1077405567279438.png,Supreme houzz design,"Resale Reno Package: $22,888 NETT ONLY. PLUS A FREE 55"" PRISM TV! 😱 No hidden costs. No min purchase required. Not a gimmick! What's included:
Special Bonuses:
😱 5 YEARS warranty with after sales service on workmanship
😱 Lifetime warranty for all BLUM mechanism
Professional services:
✍️ Design consultation + space planning
✍️ Design proposal + 3D drawing
✍️ Project management + detailed timeline + site supervision
Demolition works:
🔨 Hack & Remove Existing Floor & Wall Tiles at Kitchen
🔨 Hack & Remove Existing Floor & Wall Tiles at 2 Bathrooms
🔨 Hack & Remove Existing Cement Motar Base at Kitchen
🔨 Hack & Remove Existing Fridge/Washer Base at Kitchen
🔨 Dismantle & Remove Existing Doors at 2 Bathrooms
🔨 Dismantle & Remove All Fixtures & Accessories at 2 Bathrooms
🔨 Dismantle & Remove All Existing Cabinets at Kitchen
Carpentry:
🧱 20ft Kitchen Cabinet
🧱 10ft Premium Sintered Slab Worktop
Masonry Works:
🏡 Construct Kitchen Cabinet Cement Base
🏡 Water Proofing Membrane (Kitchen & 2 Bathrooms)
🏡 Lay Floor & Wall Tiles (Kitchen & 2 Bathrooms)
Painting Works:
🏗 Painting of Whole Unit (Internal Walls + Ceiling) - NIPPON Vinilex 5000
🏗 Painting Of All Pipes, Door Frames & Gate with NIPPON Gloss Paint
Electrical Works:
⚡️ Install & Connect Cooker Hood
⚡️ Connect Water Heater Point
Door Works:
🚪 Supply & Install 2 x Slide & Swing Bathroom Doors
Plumbing Works:
✅ Install 2 x Heater
✅ Install 2 x Stainless Steel Piping
✅ Install 2 x WC for bathrooms
✅ Install 2 x Bidet Sprays
✅ Install 2 x Basins & Taps
✅ Install Toilet Accessories at 2 Bathrooms
✅ Supply & Install Cold Stainless Steel Water Piping At Kitchen & 2 Bathrooms
Misc Works:
🚧 Haulage of Materials & Tiles
🚧 Floor Protection Works
🚧 Rubbish Disposal x 2 Trips
🚧 Post Reno Cleaning
🚧 3D Illustration Drawings
If you get this package today, these comes FREE:
🤩 Free BLUM Aventos HK (1 set)
🤩 Free Premium Soft Closing Hinges
🤩 Free Upgrade To Sintered Slab Worktop
AND A FREE 55"" PRISM TV!
You can move into your new home without spending a bomb.
Because... why should you?
Contact us and our experts will help you build your ideal home today."
Key Concept Singapore,1,1580047769725125,Verse Concept,5 May 2026,https://www.facebook.com/ads/library/?id=1580047769725125,ad_screenshots/Key_Concept_Singapore_1580047769725125.png,Key Concept Singapore,"Collecting your keys soon?
We are ready to kickstart a stressless renovation journey, making sure no important details are compromised. Start things off right with our Kitchen Package Promo at just $5,488!
For broader renovation works, the first 30 sign-ups will also get to select an exclusive Pick-A-Prize reward.
Speak to us today to explore the possibilities for your home with one of Singapore's most trusted interior designers, ensuring exceptional results that make absolute financial sense.
We are located at:
1 Tampines North Drive 3
02-05
Singapore 528499
BHCC Space
Tel: 8899 3753
Our credentials:
HDB Licence No: HB 11 6267G
BizSafe Level 3
#BTORenovation #singaporeinteriordesign #interiordesign #interiordesignideas #interiordesignsg #sgreno #SGRenovation #HomeRenovationSG #HDB #hdbbto #sgcondo #SG60
Meta © 2026 |
This ad is from a URL link"
Key Concept Singapore,2,3451845628321000,Key Concept,30 Mar 2026,https://www.facebook.com/ads/library/?id=3451845628321000,ad_screenshots/Key_Concept_Singapore_3451845628321000.png,Key Concept,"Soft tones, clean lines, and gentle pops of colour — this home beautifully reflects the homeowners’ cheerful personality. 🌸 Every space is calm yet full of life, capturing the essence of Korean minimalism where simplicity meets warmth and joy. ✨ Love this design style? Let us create a home that reflects your personality too 💛"
Key Concept Singapore,3,1599153514653344,ALVA Concept Store - Johor Bahru,27 Mar 2026,https://www.facebook.com/ads/library/?id=1599153514653344,ad_screenshots/Key_Concept_Singapore_1599153514653344.png,Key Concept,"𝐑𝐄𝐓𝐀𝐈𝐋 𝐒𝐀𝐋𝐄𝐒 𝐀𝐃𝐕𝐈𝐒𝐎𝐑 𝐖𝐀𝐍𝐓𝐄𝐃
Minimum RM4,500 + Uncapped Commission
Location: Skudai Kiri, Johor Bahru
For application/ interview:
📞 Contact: 016-3337619
🔗
Key Responsibilities:
- Provide excellent customer service
- Promote and explain products professionally
- Maintain showroom presentation
- Ensure customer satisfaction
- Execute tasks assigned by management
Requirements:
- Minimum SPM qualification
- Good communication skills
- Customer-oriented attitude
- Able to work weekends & public holidays
Benefits:
- Competitive salary package
- Training & uniform provided
#carikerja #salesadvisor #employment #career #alva #bestcompany #vacancy #jobvacancy"
Key Concept Singapore,4,2116651725760258,Key Concept,26 Mar 2026,https://www.facebook.com/ads/library/?id=2116651725760258,ad_screenshots/Key_Concept_Singapore_2116651725760258.png,Key Concept,"This home tells a story of calm sophistication. From the first step inside, soft curves and natural textures set the tone for a serene atmosphere. 🌿
A built-in settee extends the living space, inviting gatherings filled with warmth and connection. In the bedroom, thoughtful zoning creates three harmonious areas: a restful sleeping nook, a graceful dressing space, and a quiet study.
Love this design? Let us help you make it yours today."
Le Interior Affairs Pte Ltd,1,1963410764301766,Le Interior Affairs,11 Apr 2026,https://www.facebook.com/ads/library/?id=1963410764301766,ad_screenshots/Le_Interior_Affairs_Pte_Ltd_1963410764301766.png,Le Interior Affairs,"Few months back, we went to Desaru for our company retreat and we spent some time reconnecting, bonding and building memories that went beyond work 😌
We left the retreat feeling refreshed, recharged, and even closer as a team! 💪🏼
P.S. we are always looking for designers to join us. If this is your vibe, email us at 📧 career@leinterioraffairs@com
.
#leinterioraffairs #sginterior #interiordesign #interiordesigner #sginteriordesigner #sghiring #sgteambuilding #teambonding #teambuildingevent"
Le Interior Affairs Pte Ltd,2,1222187529990191,Le Interior Affairs,16 Apr 2026,https://www.facebook.com/ads/library/?id=1222187529990191,ad_screenshots/Le_Interior_Affairs_Pte_Ltd_1222187529990191.png,Le Interior Affairs,"We’re growing our design team. From experienced interior designers to those eager to learn and evolve, we’re open to conversations with people who are passionate about design and craft. 📩 Interested parties, please email your CV/Resume to career@leinterioraffairs.com"
Le Interior Affairs Pte Ltd,3,1358910749390429,Le Interior Affairs,9 Apr 2026,https://www.facebook.com/ads/library/?id=1358910749390429,ad_screenshots/Le_Interior_Affairs_Pte_Ltd_1358910749390429.png,Le Interior Affairs,"At Le Interior Affairs, every home is designed with intention, shaped around the way you live. With a detail-driven approach and a focus on thoughtful planning, we craft spaces that feel calm, refined, and effortlessly liveable. Book a complimentary consultation, tailored to your home and your needs."
Le Interior Affairs Pte Ltd,4,2783321368712492,Le Interior Affairs,8 Apr 2026,https://www.facebook.com/ads/library/?id=2783321368712492,ad_screenshots/Le_Interior_Affairs_Pte_Ltd_2783321368712492.png,Le Interior Affairs,"If you’re renovating your BTO, chances are you’ve thought about at least one of these.
We asked our designers to share some of the most common features homeowners love having in their homes, the kind of details that make daily living just a little better.
Which one would you include in your home?
#LeInteriorAffairs #sghomes #sginteriordesign #sgid #sgreno"
Le Interior Affairs Pte Ltd,5,994317126875595,Le Interior Affairs,9 Apr 2026,https://www.facebook.com/ads/library/?id=994317126875595,ad_screenshots/Le_Interior_Affairs_Pte_Ltd_994317126875595.png,Le Interior Affairs,"At Le Interior Affairs, every home begins with thoughtful planning. From space planning to detailed 3D visualisations, we help you see and understand your home before it’s built—ensuring every decision is intentional. The result is a space that feels refined, cohesive, and made for the way you live. Book a complimentary consultation with our experienced designers."
Le Interior Affairs Pte Ltd,6,1464319985419378,Le Interior Affairs,8 Apr 2026,https://www.facebook.com/ads/library/?id=1464319985419378,ad_screenshots/Le_Interior_Affairs_Pte_Ltd_1464319985419378.png,Le Interior Affairs,"The home is composed through a series of considered design gestures that bring warmth and rhythm to the overall space. Within this composition, the dry pantry and kitchen island emerge as a defining focal point, a layered, material-rich zone that anchors the heart of the home. The ceiling design adds an architectural gesture to the space.
#leinterioraffairs #sgreno #sginteriordesigner #interiordesign #sghome"
Inspire ID Group Pte Ltd,1,792438023560603,Inspire ID Group,9 Oct 2025,https://www.facebook.com/ads/library/?id=792438023560603,ad_screenshots/Inspire_ID_Group_Pte_Ltd_792438023560603.png,Inspire ID Group,"𝐘𝐨𝐮𝐫 𝐊𝐢𝐭𝐜𝐡𝐞𝐧'𝐬 𝐋𝐢𝐟𝐞𝐭𝐢𝐦𝐞 𝐏𝐚𝐫𝐭𝐧𝐞𝐫, 𝐀𝐥𝐮𝐦𝐢𝐧𝐢𝐮𝐦 𝐊𝐢𝐭𝐜𝐡𝐞𝐧 𝐂𝐚𝐛𝐢𝐧𝐞𝐭𝐬 𝐰𝐢𝐭𝐡 𝐋𝐢𝐟𝐞𝐭𝐢𝐦𝐞 𝐖𝐚𝐫𝐫𝐚𝐧𝐭𝐲⚠️✅
💥Grab our PANIC-inducing deals you can't find elsewhere. Our aluminium kitchen cabinet with 𝐋𝐢𝐟𝐞𝐭𝐢𝐦𝐞 𝐖𝐚𝐫𝐫𝐚𝐧𝐭𝐲 is the perfect choice for a kitchen that stands the test of time. Elevate your space with style and durability today.
Why 𝐀𝐥𝐮𝐦𝐢𝐧𝐢𝐮𝐦 𝐊𝐢𝐭𝐜𝐡𝐞𝐧 𝐂𝐚𝐛𝐢𝐧𝐞𝐭𝐬? 🤔
👉🏻 Lifetime warranty
👉🏻 100% waterproof
👉🏻 100% termite-proof
👉🏻 Fire resistant
👉🏻 Corrosion resistant
👉🏻 Easy maintenance
👉🏻 Health and environmentally-friendly (Formaldehyde Free)
👉🏻 Anti-impact and Durable
👉🏻 Timeless wooden finish with eternal elegance
🔥 Transform Your Home at Unbeatable Prices!
✅ Lifetime Warranty Aluminium Kitchen Cabinet – Only $7,388!
✅ HDB BTO Packages – From $7,600
✅ Kitchen & 2 Toilets Overlay – From $18,700
✅ New Condo Package – Just $9,000!
These are the only packages in Singapore that gives you both peace of mind and long-term durability — all at an unbeatable price.
Why 𝐈𝐍𝐒𝐏𝐈𝐑𝐄 𝐈𝐃 as your choice?
Don't just take our word for it - we're:
🏆 Award-winners year after year
🏆 HDB registered (so you know we're legit!)
🏆 CASETRUST- Accredited with 100% Deposit Protection
🏆 In House Factory to ensure quality workmanship
👉🏻Submit your enquiry to
for a non-obligatory quotation
👉 Book your consultation now before slots run out!"
Inspire ID Group Pte Ltd,2,2069081656861574,Inspire ID Group,5 Dec 2024,https://www.facebook.com/ads/library/?id=2069081656861574,ad_screenshots/Inspire_ID_Group_Pte_Ltd_2069081656861574.png,Inspire ID Group,"🔥𝐎𝐮𝐫 𝐈𝐧𝐬𝐩𝐢𝐫𝐞 𝐈𝐃 𝐓𝐫𝐚𝐢𝐧𝐢𝐧𝐠 𝐀𝐜𝐚𝐝𝐞𝐦𝐲 𝐈𝐬 𝐎𝐩𝐞𝐧 𝐅𝐨𝐫 𝐑𝐞𝐠𝐢𝐬𝐭𝐫𝐚𝐭𝐢𝐨𝐧 𝐚𝐧𝐝 𝐖𝐞 𝐀𝐫𝐞 𝐇𝐢𝐫𝐢𝐧𝐠 𝐒𝐚𝐥𝐞𝐬 𝐈𝐧𝐭𝐞𝐫𝐢𝐨𝐫 𝐃𝐞𝐬𝐢𝐠𝐧𝐞𝐫𝐬.🔥
Earning less than $8000.00 monthly?
Unappreciated in your current company?
Not getting much training and skills from your current leader?
Too little leads for you?
Stagnant & looking for bigger challenges?
Desire a big platform to showcase your capability?
❤️What if I told you I can solve all your problems and we are able to train you with our dedicated training modules so that you can earn high income as an interior designer? ❤️
My name is Russell Chin, founder of Inspire ID Group and Renowned Renovation Event Speaker, a.k.a. The Reno Master, with numerous media coverage on TV, radio, print and online articles. Together with my team, we are one of the Singapore's Top 10 Interior Design firm awarded by 3 accolades. We have 🔥𝐎𝐕𝐄𝐑𝐅𝐋𝐎𝐖𝐈𝐍𝐆 𝐖𝐀𝐑𝐌🔥dedicated quality leads every month for YOU to generate high income. We are the BEST Renovation Carnival producer in Singapore that brings genuine WARM leads to our doorstep. My team have renovated thousands of projects through the years and have continue to generate record breaking sales even during this trying time. The good news is, if you have zero knowledge in our industry, we are ready to train you with our dedicated training academy and groom you into a successful interior designer.
We are now looking for highly-motivated individuals to join our training academy and Inspire team,
Join us & enjoy:⁣⁣
✅ High commission
✅ Monthly & Yearly Cash Incentive⁣⁣ Target Scheme up to $15000
✅ Guaranteed Direct Leads (NO portal leads)
✅ Continuous Participation in Biggest Renovation Event in Singapore (We currently hold the 𝐡𝐢𝐠𝐡𝐞𝐬𝐭 𝐫𝐞𝐜𝐨𝐫𝐝 of signups in a single day in the history of Singapore)
✅ Career Advancement Opportunities
Who We Need?
🎉 𝐖𝐢𝐭𝐡 𝐨𝐫 𝐖𝐢𝐭𝐡𝐨𝐮𝐭 𝐄𝐱𝐩𝐞𝐫𝐢𝐞𝐧𝐜𝐞 (𝐭𝐫𝐚𝐢𝐧𝐢𝐧𝐠 𝐩𝐫𝐨𝐯𝐢𝐝𝐞𝐝)
🎉 𝐃𝐞𝐬𝐢𝐠𝐧𝐞𝐫𝐬 𝐰𝐢𝐭𝐡 𝐄𝐱𝐩𝐞𝐫𝐢𝐞𝐧𝐜𝐞 𝐜𝐚𝐧 𝐬𝐤𝐢𝐩 𝐭𝐡𝐞 𝐭𝐫𝐚𝐢𝐧𝐢𝐧𝐠 𝐚𝐜𝐚𝐝𝐞𝐦𝐲
🎉 Guaranteed Leads (social media, walk-ins, showroom events, renovation carnivals, referrals)
🎉 Positive Attitude & Sales Driven
🎉 Willing to Learn with Good, Clean Presentation
🎉 Communication with English & Chinese Speaking Customers
Check our profile @
𝐃𝐮𝐞 𝐭𝐨 𝐨𝐯𝐞𝐫𝐰𝐡𝐞𝐥𝐦𝐢𝐧𝐠 𝐫𝐞𝐬𝐩𝐨𝐧𝐬𝐞, 𝐢𝐧𝐭𝐞𝐫𝐞𝐬𝐭𝐞𝐝 𝐩𝐚𝐫𝐭𝐢𝐞𝐬 𝐝𝐨 𝐬𝐞𝐧𝐝 𝐢𝐧 𝐲𝐨𝐮𝐫 𝐫𝐞𝐬𝐮𝐦𝐞 𝐭𝐨: 👉🏻 𝐞𝐧𝐪𝐮𝐢𝐫𝐲@𝐢𝐧𝐬𝐩𝐢𝐫𝐞𝐢𝐝𝐠𝐫𝐨𝐮𝐩.𝐜𝐨𝐦 𝐨𝐫
𝐖𝐡𝐚𝐭𝐬𝐀𝐩𝐩 𝐭𝐨
for registration or job interview."
Inspire ID Group Pte Ltd,3,1551921142672376,Inspire ID Group,4 Dec 2025,https://www.facebook.com/ads/library/?id=1551921142672376,ad_screenshots/Inspire_ID_Group_Pte_Ltd_1551921142672376.png,Inspire ID Group,"Resale Renovation Packages from $18,700 (Only 8 Slots!) 🔥
Introducing InspireID’s Ultimate Resale Package — from just $18,700, crafted by a CaseTrust-accredited firm featured on CNA and The Straits Times.
✅ 15+ years of experience
✅ In-house carpentry factory for full quality control
✅ Aluminium kitchen cabinets with lifetime warranty
✅ Lowest-formaldehyde plywood in SG (Ecoply)
✅ HDB-licensed, CaseTrust-certified
This is the only package in Singapore that gives you both peace of mind and long-term durability — all at an unbeatable price.
But here’s the catch:
⚠️ Only 8 packages available. Once they're gone, they’re gone.
If you're planning a resale renovation soon, don’t miss out.
👉 Book your consultation now before slots run out!"
Inspire ID Group Pte Ltd,4,1380772576971789,Inspire ID Group,16 Nov 2025,https://www.facebook.com/ads/library/?id=1380772576971789,ad_screenshots/Inspire_ID_Group_Pte_Ltd_1380772576971789.png,Inspire ID Group,"𝐘𝐨𝐮𝐫 𝐊𝐢𝐭𝐜𝐡𝐞𝐧'𝐬 𝐋𝐢𝐟𝐞𝐭𝐢𝐦𝐞 𝐏𝐚𝐫𝐭𝐧𝐞𝐫, 𝐀𝐥𝐮𝐦𝐢𝐧𝐢𝐮𝐦 𝐊𝐢𝐭𝐜𝐡𝐞𝐧 𝐂𝐚𝐛𝐢𝐧𝐞𝐭𝐬 𝐰𝐢𝐭𝐡 𝐋𝐢𝐟𝐞𝐭𝐢𝐦𝐞 𝐖𝐚𝐫𝐫𝐚𝐧𝐭𝐲⚠️✅
💥Grab our PANIC-inducing deals you can't find elsewhere. Our aluminium kitchen cabinet with 𝐋𝐢𝐟𝐞𝐭𝐢𝐦𝐞 𝐖𝐚𝐫𝐫𝐚𝐧𝐭𝐲 is the perfect choice for a kitchen that stands the test of time. Elevate your space with style and durability today.
Why 𝐀𝐥𝐮𝐦𝐢𝐧𝐢𝐮𝐦 𝐊𝐢𝐭𝐜𝐡𝐞𝐧 𝐂𝐚𝐛𝐢𝐧𝐞𝐭𝐬? 🤔
👉🏻 Lifetime warranty
👉🏻 100% waterproof
👉🏻 100% termite-proof
👉🏻 Fire resistant
👉🏻 Corrosion resistant
👉🏻 Easy maintenance
👉🏻 Health and environmentally-friendly (Formaldehyde Free)
👉🏻 Anti-impact and Durable
👉🏻 Timeless wooden finish with eternal elegance
🔥 Transform Your Home at Unbeatable Prices!
✅ Lifetime Warranty Aluminium Kitchen Cabinet – Only $7,388!
✅ HDB BTO Packages – From $7,600
✅ Kitchen & 2 Toilets Overlay – From $18,700
✅ New Condo Package – Just $9,000!
These are the only packages in Singapore that gives you both peace of mind and long-term durability — all at an unbeatable price.
Why 𝐈𝐍𝐒𝐏𝐈𝐑𝐄 𝐈𝐃 as your choice?
Don't just take our word for it - we're:
🏆 Award-winners year after year
🏆 HDB registered (so you know we're legit!)
🏆 CASETRUST- Accredited with 100% Deposit Protection
🏆 In House Factory to ensure quality workmanship
👉🏻Submit your enquiry to
for a non-obligatory quotation
👉 Book your consultation now before slots run out!"
Inspire ID Group Pte Ltd,5,1169836395284548,Inspire ID Group,6 Dec 2025,https://www.facebook.com/ads/library/?id=1169836395284548,ad_screenshots/Inspire_ID_Group_Pte_Ltd_1169836395284548.png,Inspire ID Group,"Here’s Why We Are Rated a Top 10 ID Firm in Singapore 🏆👇
Too many homeowners fall into the same trap: hidden costs, poor workmanship, and delays that never end. That’s why Inspire ID exists.
We’re not just another ID firm — we’re a CaseTrust-accredited, HDB-registered team featured on CNA and The Straits Times.
Our difference?
✅ Transparent pricing — no nasty surprises
✅ In-house factory — full control of quality
✅ Exclusive: Aluminium kitchen cabinets with lifetime warranty
✅ EcoPly — lowest formaldehyde plywood in Singapore
CTA:
Only 8 homeowners will enjoy our promo this month.
🎯 Book your consultation today and renovate with confidence."
Inspire ID Group Pte Ltd,6,810647641340490,Inspire ID Group,3 Oct 2025,https://www.facebook.com/ads/library/?id=810647641340490,ad_screenshots/Inspire_ID_Group_Pte_Ltd_810647641340490.png,Inspire ID Group,"🔥𝐎𝐮𝐫 𝐈𝐧𝐬𝐩𝐢𝐫𝐞 𝐈𝐃 𝐓𝐫𝐚𝐢𝐧𝐢𝐧𝐠 𝐀𝐜𝐚𝐝𝐞𝐦𝐲 𝐈𝐬 𝐎𝐩𝐞𝐧 𝐅𝐨𝐫 𝐑𝐞𝐠𝐢𝐬𝐭𝐫𝐚𝐭𝐢𝐨𝐧 𝐚𝐧𝐝 𝐖𝐞 𝐀𝐫𝐞 𝐇𝐢𝐫𝐢𝐧𝐠 𝐒𝐚𝐥𝐞𝐬 𝐈𝐧𝐭𝐞𝐫𝐢𝐨𝐫 𝐃𝐞𝐬𝐢𝐠𝐧𝐞𝐫𝐬.🔥
Earning less than $8000.00 monthly?
Unappreciated in your current company?
Not getting much training and skills from your current leader?
Too little leads for you?
Stagnant & looking for bigger challenges?
Desire a big platform to showcase your capability?
❤️What if I told you I can solve all your problems and we are able to train you with our dedicated training modules so that you can earn high income as an interior designer? ❤️
My name is Russell Chin, founder of Inspire ID Group and Renowned Renovation Event Speaker, a.k.a. The Reno Master, with numerous media coverage on TV, radio, print and online articles. Together with my team, we are one of the Singapore's Top 10 Interior Design firm awarded by 3 accolades. We have 🔥𝐎𝐕𝐄𝐑𝐅𝐋𝐎𝐖𝐈𝐍𝐆 𝐖𝐀𝐑𝐌🔥dedicated quality leads every month for YOU to generate high income. We are the BEST Renovation Carnival producer in Singapore that brings genuine WARM leads to our doorstep. My team have renovated thousands of projects through the years and have continue to generate record breaking sales even during this trying time. The good news is, if you have zero knowledge in our industry, we are ready to train you with our dedicated training academy and groom you into a successful interior designer.
We are now looking for highly-motivated individuals to join our training academy and Inspire team,
Join us & enjoy:⁣⁣
✅ High commission
✅ Monthly & Yearly Cash Incentive⁣⁣ Target Scheme up to $15000
✅ Guaranteed Direct Leads (NO portal leads)
✅ Continuous Participation in Biggest Renovation Event in Singapore (We currently hold the 𝐡𝐢𝐠𝐡𝐞𝐬𝐭 𝐫𝐞𝐜𝐨𝐫𝐝 of signups in a single day in the history of Singapore)
✅ Career Advancement Opportunities
Who We Need?
🎉 𝐖𝐢𝐭𝐡 𝐨𝐫 𝐖𝐢𝐭𝐡𝐨𝐮𝐭 𝐄𝐱𝐩𝐞𝐫𝐢𝐞𝐧𝐜𝐞 (𝐭𝐫𝐚𝐢𝐧𝐢𝐧𝐠 𝐩𝐫𝐨𝐯𝐢𝐝𝐞𝐝)
🎉 𝐃𝐞𝐬𝐢𝐠𝐧𝐞𝐫𝐬 𝐰𝐢𝐭𝐡 𝐄𝐱𝐩𝐞𝐫𝐢𝐞𝐧𝐜𝐞 𝐜𝐚𝐧 𝐬𝐤𝐢𝐩 𝐭𝐡𝐞 𝐭𝐫𝐚𝐢𝐧𝐢𝐧𝐠 𝐚𝐜𝐚𝐝𝐞𝐦𝐲
🎉 Guaranteed Leads (social media, walk-ins, showroom events, renovation carnivals, referrals)
🎉 Positive Attitude & Sales Driven
🎉 Willing to Learn with Good, Clean Presentation
🎉 Communication with English & Chinese Speaking Customers
Check our profile @
𝐃𝐮𝐞 𝐭𝐨 𝐨𝐯𝐞𝐫𝐰𝐡𝐞𝐥𝐦𝐢𝐧𝐠 𝐫𝐞𝐬𝐩𝐨𝐧𝐬𝐞, 𝐢𝐧𝐭𝐞𝐫𝐞𝐬𝐭𝐞𝐝 𝐩𝐚𝐫𝐭𝐢𝐞𝐬 𝐝𝐨 𝐬𝐞𝐧𝐝 𝐢𝐧 𝐲𝐨𝐮𝐫 𝐫𝐞𝐬𝐮𝐦𝐞 𝐭𝐨: 👉🏻 𝐞𝐧𝐪𝐮𝐢𝐫𝐲@𝐢𝐧𝐬𝐩𝐢𝐫𝐞𝐢𝐝𝐠𝐫𝐨𝐮𝐩.𝐜𝐨𝐦 𝐨𝐫
𝐖𝐡𝐚𝐭𝐬𝐀𝐩𝐩 𝐭𝐨
for registration or job interview."
Inspire ID Group Pte Ltd,7,761654903275672,Inspire ID Group,17 Feb 2026,https://www.facebook.com/ads/library/?id=761654903275672,ad_screenshots/Inspire_ID_Group_Pte_Ltd_761654903275672.png,Inspire ID Group,"Here’s Why We Are Rated a Top 10 ID Firm in Singapore 🏆👇
Too many homeowners fall into the same trap: hidden costs, poor workmanship, and delays that never end. That’s why Inspire ID exists.
We’re not just another ID firm — we’re a CaseTrust-accredited, HDB-registered team featured on CNA and The Straits Times.
Our difference?
✅ Transparent pricing — no nasty surprises
✅ In-house factory — full control of quality
✅ Exclusive: Alumlus Aluminium kitchen cabinets with lifetime warranty
✅ EcoPly — certified lowest formaldehyde plywood in Singapore
🔥 Transform Your Home at Unbeatable Prices!
✅ Lifetime Warranty Aluminium Kitchen Cabinet – Only $7,388!
✅ HDB BTO Packages – From $7,600
✅ Kitchen & 2 Toilets Overlay – From $18,700
✅ New Condo Package – Just $9,000!
These are the only packages in Singapore that gives you both peace of mind and long-term durability — all at an unbeatable price.
👉🏻Submit your enquiry to
for a non-obligatory quotation
If you're planning a renovation soon, don’t miss out.
👉 Book your consultation now before slots run out!"
Inspire ID Group Pte Ltd,8,2309221846244647,Inspire ID Group,28 Dec 2025,https://www.facebook.com/ads/library/?id=2309221846244647,ad_screenshots/Inspire_ID_Group_Pte_Ltd_2309221846244647.png,Inspire ID Group,"Here’s Why We Are Rated a Top 10 ID Firm in Singapore 🏆👇
Too many homeowners fall into the same trap: hidden costs, poor workmanship, and delays that never end. That’s why Inspire ID exists.
We’re not just another ID firm — we’re a CaseTrust-accredited, HDB-registered team featured on CNA and The Straits Times.
Our difference?
✅ Transparent pricing — no nasty surprises
✅ In-house factory — full control of quality
✅ Exclusive: Aluminium kitchen cabinets with lifetime warranty
✅ EcoPly — lowest formaldehyde plywood in Singapore
CTA:
Only 8 homeowners will enjoy our promo this month.
🎯 Book your consultation today and renovate with confidence."
Inspire ID Group Pte Ltd,9,3144904212363707,Inspire ID Group,17 Feb 2026,https://www.facebook.com/ads/library/?id=3144904212363707,ad_screenshots/Inspire_ID_Group_Pte_Ltd_3144904212363707.png,Inspire ID Group,"Here’s Why We Are Rated a Top 10 ID Firm in Singapore 🏆👇
Too many homeowners fall into the same trap: hidden costs, poor workmanship, and delays that never end. That’s why Inspire ID exists.
We’re not just another ID firm — we’re a CaseTrust-accredited, HDB-registered team featured on CNA and The Straits Times.
Our difference?
✅ Transparent pricing — no nasty surprises
✅ In-house factory — full control of quality
✅ Exclusive: Alumlus Aluminium kitchen cabinets with lifetime warranty
✅ EcoPly — certified lowest formaldehyde plywood in Singapore
🔥 Transform Your Home at Unbeatable Prices!
✅ Lifetime Warranty Aluminium Kitchen Cabinet – Only $7,388!
✅ HDB BTO Packages – From $7,600
✅ Kitchen & 2 Toilets Overlay – From $18,700
✅ New Condo Package – Just $9,000!
These are the only packages in Singapore that gives you both peace of mind and long-term durability — all at an unbeatable price.
👉🏻Submit your enquiry to
for a non-obligatory quotation
If you're planning a renovation soon, don’t miss out.
👉 Book your consultation now before slots run out!"
Inspire ID Group Pte Ltd,10,1217275670133238,Inspire ID Group,4 Jul 2025,https://www.facebook.com/ads/library/?id=1217275670133238,ad_screenshots/Inspire_ID_Group_Pte_Ltd_1217275670133238.png,Inspire ID Group,"🔥𝐖𝐞 𝐀𝐫𝐞 𝐇𝐢𝐫𝐢𝐧𝐠 𝐒𝐚𝐥𝐞𝐬 𝐈𝐧𝐭𝐞𝐫𝐢𝐨𝐫 𝐃𝐞𝐬𝐢𝐠𝐧𝐞𝐫𝐬.🔥
Earning less than $8000.00 monthly?
Unappreciated in your current company?
Not getting much training and skills from your current leader?
Too little leads for you?
Stagnant & looking for bigger challenges?
Desire a big platform to showcase your capability?
❤️What if I told you I can solve all your problems and we are able to train you with our dedicated training modules so that you can earn high income as an interior designer? ❤️
My name is Russell Chin, founder of Inspire ID Group and Renowned Renovation Event Speaker, a.k.a. The Reno Master, with numerous media coverage on TV, radio, print and online articles. Together with my team, we are one of the Singapore's Top 10 Interior Design firm awarded by 3 accolades. We have 🔥𝐎𝐕𝐄𝐑𝐅𝐋𝐎𝐖𝐈𝐍𝐆 𝐖𝐀𝐑𝐌🔥dedicated quality leads every month for YOU to generate high income. We are the BEST Renovation Carnival producer in Singapore that brings genuine WARM leads to our doorstep. My team have renovated thousands of projects through the years and have continue to generate record breaking sales even during this trying time. The good news is, if you have zero knowledge in our industry, we are ready to train you with our dedicated training academy and groom you into a successful interior designer. Of course, experienced designers can start the ball rolling immediately.
We are now looking for highly-motivated individuals to join our training academy and Inspire team,
Join us & enjoy:⁣⁣
✅ High commission
✅ Monthly & Yearly Cash Incentive⁣⁣ Target Scheme up to $15000
✅ Guaranteed Direct Leads (NO portal leads)
✅ Continuous Participation in Biggest Renovation Event in Singapore (We currently hold the 𝐡𝐢𝐠𝐡𝐞𝐬𝐭 𝐫𝐞𝐜𝐨𝐫𝐝 of signups in a single day in the history of Singapore)
✅ Career Advancement Opportunities
Who We Need?
🎉 𝐖𝐢𝐭𝐡 𝐨𝐫 𝐖𝐢𝐭𝐡𝐨𝐮𝐭 𝐄𝐱𝐩𝐞𝐫𝐢𝐞𝐧𝐜𝐞 (𝐭𝐫𝐚𝐢𝐧𝐢𝐧𝐠 𝐩𝐫𝐨𝐯𝐢𝐝𝐞𝐝)
🎉 𝐃𝐞𝐬𝐢𝐠𝐧𝐞𝐫𝐬 𝐰𝐢𝐭𝐡 𝐄𝐱𝐩𝐞𝐫𝐢𝐞𝐧𝐜𝐞 𝐜𝐚𝐧 𝐬𝐤𝐢𝐩 𝐭𝐡𝐞 𝐭𝐫𝐚𝐢𝐧𝐢𝐧𝐠 𝐚𝐜𝐚𝐝𝐞𝐦𝐲
🎉 Guaranteed Leads (social media, walk-ins, showroom events, renovation carnivals, referrals)
🎉 Positive Attitude & Sales Driven
🎉 Willing to Learn with Good, Clean Presentation
🎉 Communication with English & Chinese Speaking Customers
𝐃𝐮𝐞 𝐭𝐨 𝐨𝐯𝐞𝐫𝐰𝐡𝐞𝐥𝐦𝐢𝐧𝐠 𝐫𝐞𝐬𝐩𝐨𝐧𝐬𝐞, 𝐢𝐧𝐭𝐞𝐫𝐞𝐬𝐭𝐞𝐝 𝐩𝐚𝐫𝐭𝐢𝐞𝐬 𝐝𝐨 𝐬𝐞𝐧𝐝 𝐢𝐧 𝐲𝐨𝐮𝐫 𝐫𝐞𝐬𝐮𝐦𝐞 𝐭𝐨: 👉🏻 𝐞𝐧𝐪𝐮𝐢𝐫𝐲@𝐢𝐧𝐬𝐩𝐢𝐫𝐞𝐢𝐝𝐠𝐫𝐨𝐮𝐩.𝐜𝐨𝐦 𝐨𝐫
𝐖𝐡𝐚𝐭𝐬𝐀𝐩𝐩 𝐭𝐨
for registration or job interview."
Fifth Avenue Interior Pte Ltd,1,998856306225197,Fifth Avenue Interior,4 May 2026,https://www.facebook.com/ads/library/?id=998856306225197,ad_screenshots/Fifth_Avenue_Interior_Pte_Ltd_998856306225197.png,Fifth Avenue Interior,"A serene coastal-inspired 5-room HDB BTO captures the seaside spirit in every frame, where calming hues meet the softness of sunlight. Sandy beige forms the base palette, layered gently with textures that echo the quiet beauty along the coast.
At the centre of it all, the lively focal point lies on the built-in fish tank that is integrated with the cabinetry! More than a divider, it not only bridges the entryway and the living area, but also turns it into a daily favourite spot where you can unwind at the organic-shaped settee and breathe slowly like the slow dance of the underwater world.
Throughout the home, diffused light plays delicately across surfaces, much like sunlight shimmering over shallow waters. From dawn to dusk, the home whispers a deep connection to the coast, radiating a soothing, grounded, and alive within the rhythm of the seaside.
Executive Designer : @o_ccurred
Design Theme : Coastal"
Fifth Avenue Interior Pte Ltd,2,1992820951424946,Fifth Avenue Interior,5 May 2026,https://www.facebook.com/ads/library/?id=1992820951424946,ad_screenshots/Fifth_Avenue_Interior_Pte_Ltd_1992820951424946.png,Fifth Avenue Interior,"The first impression of this 5-room BTO is its remarkable sense of space—airy, open, and instantly calming. Yet beyond the spaciousness lies something more intimate: a home that feels personal, poetic, and full of quiet emotion. The cloud-like feature wall stands as the heart of the home, not only adding visual poetry to the uncluttered living hall but also holding a story of love and collaboration. Hand-painted in limewash by the couple themselves, its organic shape was first drawn freehand by the designer, symbolising a meaningful bond built on trust and shared creativity. Each brushstroke becomes a memory, each curve a reflection of connection.
Every contour flows with intention, guiding movement and perception while echoing the gentle rhythm of nature. A refined modern aesthetic runs throughout the home—light shades inspired by travertine bring quiet elegance, while subtle wood tones add grounded warmth without disturbing the minimalist harmony.
The result is a space that radiates meditative calm and timeless sophistication—a perfect equilibrium of design and emotion. It’s a home where softness meets strength, and serenity lingers quietly in the air… perhaps even with a few unseen pink bubbles of joy.
Senior Designer : Jay
Design Theme : Minimalist Travatino"
Fifth Avenue Interior Pte Ltd,3,1298019354996094,Fifth Avenue Interior,23 Apr 2026,https://www.facebook.com/ads/library/?id=1298019354996094,ad_screenshots/Fifth_Avenue_Interior_Pte_Ltd_1298019354996094.png,Fifth Avenue Interior,"If you are looking for more than just a job.
Maybe, this is where your story begins.
We’re hiring:
- Interior Sales Designers (full commission-based)
- Principal Designer (basic salary)
If you’re passionate, driven, and ready to grow, we’d love to hear from you.
DM us now, limited slots available."
WHST Design,1,812174511306203,WHST Design,25 Sep 2025,https://www.facebook.com/ads/library/?id=812174511306203,ad_screenshots/WHST_Design_812174511306203.png,WHST Design,"GET A COMPLETE WATERPROOF KITCHEN MAKEOVER @ JUST $6688! 5 SPOTS FOR THIS MONTH ONLY! (UP. $9688) ✅ Free design consultation & quote ✅ Full kitchen design ✅ 20ft of 100% waterproof, 100% anti-termite & ZERO formaldehyde kitchen cabinets (10ft top, 10ft bottom) ✅ 10ft sintered stone tabletop ✅ Tempered glass backsplash ✅ Full range of laminates ✅ Soft closing titanium hinges AND get FREE hood, hob, sink and tap worth $2,288! 🚨⏰ Offer is limited to this month only! Prices go back to $9688 after this month 👇 Click below to secure this limited deal now! *terms and conditions apply."
WHST Design,2,1165915618728505,WHST Design,23 Sep 2025,https://www.facebook.com/ads/library/?id=1165915618728505,ad_screenshots/WHST_Design_1165915618728505.png,WHST Design,"LIMITED TO FIRST 8 RESALE HOMEOWNERS ONLY! ⏳ For a limited time, get your kitchen & 2 bathrooms renovated at just $16,088 in 5 weeks with NO hidden costs and NO delays! 🏠 Includes kitchen, two bathrooms 🚧 Hacking, tiling, plumbing, waterproofing and carpentry works 🎁 FREE cooking hood, hob, sink & tap worth $2288 💯 No hidden costs, 100% quote transparency ⏰ No project delays, get your project completed in 5 weeks 🚨 This offer is only limited to the first 8 signups So hurry and click below to redeem your exclusive now!"
WHST Design,3,779947878152316,WHST Design,22 Sep 2025,https://www.facebook.com/ads/library/?id=779947878152316,ad_screenshots/WHST_Design_779947878152316.png,WHST Design,"GET A COMPLETE WATERPROOF KITCHEN MAKEOVER @ JUST $6688! 5 SPOTS FOR THIS MONTH ONLY! (UP. $9688) ✅ Free design consultation & quote ✅ Full kitchen design ✅ 20ft of 100% waterproof, 100% anti-termite & ZERO formaldehyde kitchen cabinets (10ft top, 10ft bottom) ✅ 10ft sintered stone tabletop ✅ Tempered glass backsplash ✅ Full range of laminates ✅ Soft closing titanium hinges AND get FREE hood, hob, sink and tap worth $2,288! 🚨⏰ Offer is limited to this month only! Prices go back to $9688 after this month 👇 Click below to secure this limited deal now! *terms and conditions apply."
WHST Design,4,804507699225597,WHST Design,25 Sep 2025,https://www.facebook.com/ads/library/?id=804507699225597,ad_screenshots/WHST_Design_804507699225597.png,WHST Design,"We’re on the hunt for a talented Interior Designer to bring imagination to life. If you're passionate about design and eager to grow, we want you! Enjoy great benefits like training, leads, and guaranteed appointments.
✅ Appointments guaranteed (No cold calling)
✅ Earn up to 5-digit income a month
✅ Training provided
🔍 What We Look For:
⭐️ Passion for Design & Creativity
⭐️ Eagerness to Learn & Grow
⭐️ Good Communication Skills
⭐️ Attention to Detail
Apply now and let’s create beautiful spaces together!
Meta © 2026 |
This ad is from a URL link"
Juz Interior,1,982657514308337,Juz Interior,7 May 2026,https://www.facebook.com/ads/library/?id=982657514308337,ad_screenshots/Juz_Interior_982657514308337.png,Juz Interior,"This kitchen is designed like a calm, efficient “chef’s corner” — muted wabi-sabi tones, warm timber, and clean lines that keep the kitchen to the living room feeling airy.
A space to marinate conversations and food openly with a subtle boundary of the sliding frames.
Designed by: Kuo Liang
Meta © 2026 |
This ad is from a URL link"
Juz Interior,2,894744126946675,Juz I.D Solutions,8 Apr 2026,https://www.facebook.com/ads/library/?id=894744126946675,ad_screenshots/Juz_Interior_894744126946675.png,Juz Interior,"𝐋𝐨𝐨𝐤𝐢𝐧𝐠 𝐭𝐨 𝐑𝐞𝐟𝐫𝐞𝐬𝐡 𝐘𝐨𝐮𝐫 𝐑𝐞𝐬𝐚𝐥𝐞 𝐇𝐨𝐦𝐞 𝐖𝐢𝐭𝐡𝐨𝐮𝐭 𝐓𝐡𝐞 𝐒𝐭𝐫𝐞𝐬𝐬? ✨𝑯𝒆𝒓𝒆’𝒔 𝑾𝒉𝒂𝒕 𝑶𝒖𝒓 𝑪𝒍𝒊𝒆𝒏𝒕 𝑺𝒂𝒚𝒔 𝑨𝒃𝒐𝒖𝒕 𝑯𝒆𝒓 𝑹𝒆𝒏𝒐𝒗𝒂𝒕𝒊𝒐𝒏 𝑬𝒙𝒑𝒆𝒓𝒊𝒆𝒏𝒄𝒆
We bring together a dedicated team of specialists from design and space planning to carpentry, electrical, and plumbing so every part of your renovation is handled with care and precision.
Our Resale Home Full-Scale Refurbish Package is created for homeowners who want a smooth, end-to-end experience, with everything planned and executed under one roof.
🏠 3 Room: $23,800
🏠 4 Room: $26,800
🏠 5 Room: $28,800
Reach out to us for your interior design and renovation needs!
☎️ Phone: +65 81189088
📧 Email: enquiry@juzid.com.sg
We are your one-stop solution for renovation services!
🛠️ In-House Carpentry
🏙️ SCAL Member
✅ BizSAFE Certified
🏆 ID Enterprise of the Year
🏆 Singapore Trusted Quality Brand
#JuzIDSolutions #SingaporeRenovation #RenovationInSingapore #InteriorDesign #SGHomeDecor #HomeDesign #HDB #BTO #Condo #LandedProperty"
Juz Interior,3,1615940440041793,Juz I.D Solutions,8 May 2026,https://www.facebook.com/ads/library/?id=1615940440041793,ad_screenshots/Juz_Interior_1615940440041793.png,Juz Interior,"✨ 𝗥𝗲𝘀𝗮𝗹𝗲 𝗛𝗼𝗺𝗲 𝗙𝘂𝗹𝗹-𝗦𝗰𝗮𝗹𝗲 𝗥𝗲𝗳𝘂𝗿𝗯𝗶𝘀𝗵𝗺𝗲𝗻𝘁 𝗣𝗮𝗰𝗸𝗮𝗴𝗲 𝗙𝗿𝗼𝗺 $𝟮𝟯,𝟴𝟬𝟬 ✨
Transform your resale home with a complete refurbishment experience by our dedicated renovation and interior design team. From concept to completion, we provide end-to-end solutions including interior design, space planning, carpentry, electrical works, plumbing, and more — all managed seamlessly under one roof.
🏠 3-Room Package — From $23,800
🏠 4-Room Package — From $26,800
🏠 5-Room Package — From $28,800
Why Homeowners Choose Us:
🛠️ In-House Carpentry Team
🏙️ SCAL Member
✅ BizSAFE Certified
🏆 ID Enterprise of the Year
🏆 Singapore Trusted Quality Brand
Whether you’re upgrading your new resale flat or giving your home a fresh new look, we’re here to make the renovation journey smooth and hassle-free.
#JuzIDSolutions #SingaporeRenovation #RenovationInSingapore #InteriorDesign #SGHomeDecor #HomeDesign #HDB #BTO #Condo #LandedProperty See less"
Space Atelier Pte Ltd,1,971643195175045,The Floral Atelier,15 Mar 2025,https://www.facebook.com/ads/library/?id=971643195175045,ad_screenshots/Space_Atelier_Pte_Ltd_971643195175045.png,Space Atelier,"At The Floral Atelier, we specialise in creating luxury floral arrangements designed to elevate any space or occasion. From vase arrangements to bespoke designs, our expert florists meticulously craft each arrangement to reflect timeless beauty and elegance. Whether you're looking to transform your home, plan a special event, or find the perfect gift, explore our collections and experience the art of floral design."
Space Atelier Pte Ltd,2,931469689874745,Home Atelier,18 Apr 2026,https://www.facebook.com/ads/library/?id=931469689874745,ad_screenshots/Space_Atelier_Pte_Ltd_931469689874745.png,Space Atelier,"Transform your space with a customized window seat sofa, tailored to your dimensions and material preferences! Choose from our extensive range of pet-friendly, scratch-resistant, and water-resistant fabrics and leathers. Book an appointment with our furniture consultant today for an on-site measurement! 🛋️✨"
Space Atelier Pte Ltd,3,1647578116369335,Atelier Home.,13 Apr 2026,https://www.facebook.com/ads/library/?id=1647578116369335,ad_screenshots/Space_Atelier_Pte_Ltd_1647578116369335.png,Space Atelier,"Elevate Your Home with Timeless Masterpieces 💎 Adorn your spaces with exquisite sculptures that reflect your discerning style and sophistication. Own a rare piece of art that elevates your living spaces into an elegant oasis. Experience the transformative power of art, now up to 50% OFF all orders & Free Worldwide Shipping"
Space Atelier Pte Ltd,4,2038452563436414,Atelier Home.,13 Apr 2026,https://www.facebook.com/ads/library/?id=2038452563436414,ad_screenshots/Space_Atelier_Pte_Ltd_2038452563436414.png,Space Atelier,"Elevate Your Home with Timeless Masterpieces 💎 Adorn your spaces with exquisite sculptures that reflect your discerning style and sophistication. Own a rare piece of art that elevates your living spaces into an elegant oasis. Experience the transformative power of art, now up to 50% OFF all orders & Free Worldwide Shipping"
Space Atelier Pte Ltd,5,1751235502508618,Home Atelier,25 Apr 2026 · Total active time 21 hrs,https://www.facebook.com/ads/library/?id=1751235502508618,ad_screenshots/Space_Atelier_Pte_Ltd_1751235502508618.png,Space Atelier,"Experience great aesthetics and unparalleled comfort, seamlessly integrated with advanced technology! Our latest collection of Electric Sofa Beds transforms effortlessly with just a click of a button, turning your plush sofa into a cozy bed in seconds! 🙌🏻😲 Relaxation has never been this easy! Don’t wait to upgrade your living space with this innovative solution. 👉 Enquire for more information now at www.homeatelier.sg"
Space Atelier Pte Ltd,6,1835867877080201,Atelier Home.,13 Apr 2026,https://www.facebook.com/ads/library/?id=1835867877080201,ad_screenshots/Space_Atelier_Pte_Ltd_1835867877080201.png,Space Atelier,"Elevate Your Home with Timeless Masterpieces 💎 Adorn your spaces with exquisite sculptures that reflect your discerning style and sophistication. Own a rare piece of art that elevates your living spaces into an elegant oasis. Experience the transformative power of art, now up to 50% OFF all orders & Free Worldwide Shipping"
Space Atelier Pte Ltd,7,1505630307902709,W. Atelier,7 May 2026,https://www.facebook.com/ads/library/?id=1505630307902709,ad_screenshots/Space_Atelier_Pte_Ltd_1505630307902709.png,Space Atelier,"A Spring Reawakening for Your Home
This CNY, renew your surroundings with the understated luxury of Ditre. Enjoy up to 50% off selected collections—curated with the finest craftsmanship. Complementary brands like Cassina and Vitra offer rare finds that elevate your living space.
Sale ends 14 Feb 2026
🛒 Explore the collection online today!
Visit our Main Showroom at W. Atelier:
📍 201 Henderson Road
#01-01 & #03-01, Singapore 159545
🕥 Mon-Sat, 10:30am to 7:00pm
(Closed on Sundays & PH)"
Space Atelier Pte Ltd,8,1609027243507792,The Floral Atelier,1 May 2026,https://www.facebook.com/ads/library/?id=1609027243507792,ad_screenshots/Space_Atelier_Pte_Ltd_1609027243507792.png,Space Atelier,"Discover Mon Dada — a luxury fragrance brand born from passion, handcrafted with devotion and designed to elevate your space. Encased in sculptural concrete vessels, each candle reflects a dialogue between material, function, and beauty. Designed to live on, long after the flame has faded.
THEFLORALATELIER.CO
Luxury, Handcrafted
Discover the Belgian secret to a refined home.
Concrete Artistry
Every jar is uniquely handmade by a team of female artisans.
Aesthetic Meets Olfactory
Withstand outdoor elements with a neutral fragrance."
Space Atelier Pte Ltd,9,1648177272752496,Atelier Home.,13 Apr 2026,https://www.facebook.com/ads/library/?id=1648177272752496,ad_screenshots/Space_Atelier_Pte_Ltd_1648177272752496.png,Space Atelier,"Elevate Your Home with Timeless Masterpieces 💎 Adorn your spaces with exquisite sculptures that reflect your discerning style and sophistication. Own a rare piece of art that elevates your living spaces into an elegant oasis. Experience the transformative power of art, now up to 50% OFF all orders & Free Worldwide Shipping"
Space Atelier Pte Ltd,10,2029038614633324,Maer Atelier,3 May 2026,https://www.facebook.com/ads/library/?id=2029038614633324,ad_screenshots/Space_Atelier_Pte_Ltd_2029038614633324.png,Space Atelier,"A 5-room home in Boon Tiong, opened into a generous common space and anchored in marble, made for living generously.
Disclaimer: Images shown are 3D renders from an actual ongoing project."
Ascend Design,1,1474219297517629,ascend.design,28 Apr 2026,https://www.facebook.com/ads/library/?id=1474219297517629,ad_screenshots/Ascend_Design_1474219297517629.png,Ascend Design,No visible primary ad copy found on the Ads Library detail page.
Ascend Design,2,945753261763344,Ascend Realty Group,30 Apr 2026,https://www.facebook.com/ads/library/?id=945753261763344,ad_screenshots/Ascend_Design_945753261763344.png,Ascend Design,"𝐀𝐥𝐫𝐞𝐚𝐝𝐲 𝐥𝐢𝐯𝐢𝐧𝐠 𝐢𝐧 𝐇𝐨𝐮𝐠𝐚𝐧𝐠?
👉 𝐓𝐡𝐞𝐧 𝐲𝐨𝐮 𝐚𝐥𝐫𝐞𝐚𝐝𝐲 𝐤𝐧𝐨𝐰 𝐭𝐡𝐞 𝐜𝐨𝐧𝐯𝐞𝐧𝐢𝐞𝐧𝐜𝐞.
Now, it’s going one step further.
👉 This isn’t about moving out.
It’s about upgrading within your own neighbourhood.
𝐀 𝐧𝐞𝐰 𝐢𝐧𝐭𝐞𝐠𝐫𝐚𝐭𝐞𝐝 𝐝𝐞𝐯𝐞𝐥𝐨𝐩𝐦𝐞𝐧𝐭 𝐢𝐬 𝐜𝐨𝐦𝐢𝐧𝐠 𝐭𝐨 𝐇𝐨𝐮𝐠𝐚𝐧𝐠 𝐂𝐞𝐧𝐭𝐫𝐚𝐥—
bringing everything together in one place.
🏙 Homes + MRT + mall + bus interchange
👉 all connected, all downstairs.
𝐖𝐡𝐚𝐭 𝐭𝐡𝐢𝐬 𝐦𝐞𝐚𝐧𝐬 𝐟𝐨𝐫 𝐲𝐨𝐮:
🚆 MRT interchange at your doorstep
🛍 Retail & daily needs right below
🎓 Schools you’re already familiar with
📍 Same Hougang — just upgraded
Because sometimes…
👉 the best move isn’t leaving.
It’s moving up where you already are.
Stay near family.
Stay in your comfort zone.
Upgrade your lifestyle.
Before launch demand builds,
👉 𝐠𝐞𝐭 𝐞𝐚𝐫𝐥𝐲 𝐚𝐜𝐜𝐞𝐬𝐬 𝐭𝐨 𝐩𝐫𝐢𝐜𝐢𝐧𝐠 & 𝐥𝐚𝐲𝐨𝐮𝐭𝐬
Meta © 2026 |
This ad is from a URL link"
Ascend Design,3,1447055659979440,Ascend2Elevate,3 May 2026,https://www.facebook.com/ads/library/?id=1447055659979440,ad_screenshots/Ascend_Design_1447055659979440.png,Ascend Design,"Many people admire toughness, yet real resilience goes further. 💡 It is not just about carrying more pressure. It is about building the capacity to remain clear, calm, and effective when demands rise. 🌱✨
This video explores five foundations of real resilience: energy management, recovery systems, emotional regulation, boundaries, and adaptive thinking. When these areas grow stronger, performance becomes more sustainable. 🔑 📈 💪
👉 Watch the video, reflect on which foundation needs attention right now, and begin building stronger systems for long term success. Visit ascend2elevate.com.au for more practical resources that support your next step. 🎯 🌟 🚀
👉🏻 Visit this link to read the full blog and practical resilience framework:
#Resilience #GrowthMindset #SuccessHabits #ProfessionalGrowth #Ascend2Elevate #MentalStrength #CareerSuccess #SelfLeadership #Performance #PersonalDevelopment #AscendtoElevate #A2E"
Forefront Interior Pte Ltd.,1,26061862846799354,Forefront Interior,8 Feb 2026,https://www.facebook.com/ads/library/?id=26061862846799354,ad_screenshots/Forefront_Interior_Pte_Ltd_26061862846799354.png,Forefront Interior .,"First impressions last, and we made it count in this home.
Upon entry, you are greeted by a first narrow passageway that quickly unfolds and guides you into the expansive living room.
Glass, typically known as a hard and brittle material, assumes the role of a soft usher here. It is curved, and paired with the veneer divider that offers a glimpse into the kitchen.
On the other hand, veneer defines the carpentry throughout the home. It is a testament to the importance of natural beauty; to the dignifying effect of authenticity.
Welcome to Stillness Unbound, a spatial exploration of possibilities that push beyond known boundaries to arrive at distinctiveness.
Project: Stillness Unbound"
Forefront Interior Pte Ltd.,2,921890016842806,Forefront Interior,7 Jan 2026,https://www.facebook.com/ads/library/?id=921890016842806,ad_screenshots/Forefront_Interior_Pte_Ltd_921890016842806.png,Forefront Interior .,"Inside The Design Mind
Episode 1 • Small Considerations, Big Impact
Zaron offers a glimpse into the tiny, often invisible decisions that go unnoticed in designing a home that is not just pleasant to look at, but even more pleasant to live in.
Beyond navigating the Farmhouse and Scandinavian aesthetics that resonated best with the clients; the design process was a collaborative dialogue on striking a fine balance between taste and practicality.
Project: Tapestried Charm
Designer: Zaron"
Forefront Interior Pte Ltd.,3,1066173785495156,Forefront Interior,29 Jul 2025,https://www.facebook.com/ads/library/?id=1066173785495156,ad_screenshots/Forefront_Interior_Pte_Ltd_1066173785495156.png,Forefront Interior .,Hōji House Teaser Have you ever considered getting a full-height display cabinet to make your space a museum of you?
Forefront Interior Pte Ltd.,4,965095832427585,Forefront Interior,28 Aug 2025,https://www.facebook.com/ads/library/?id=965095832427585,ad_screenshots/Forefront_Interior_Pte_Ltd_965095832427585.png,Forefront Interior .,Let the Soirée begin. Designed by @highvillo
Forefront Interior Pte Ltd.,5,2749202411936868,Forefront Interior,11 Jul 2025,https://www.facebook.com/ads/library/?id=2749202411936868,ad_screenshots/Forefront_Interior_Pte_Ltd_2749202411936868.png,Forefront Interior .,"“Wow, you sure this is a 4-room apartment? Not a 5-room?”
Have you had that reaction in the past, when you visited your friend’s place?
How is it that their place can be so spacious and welcoming, while you feel like your house is so cramped?
The difference lies in having a designer who can innovate according to your lifestyle.
If your interior designer designs with your lifestyle at the forefront of their mind:
You won’t struggle with having power sockets in inconvenient places.
You won’t feel like your home isn’t a good reflection of who you want to be.
You will feel like you’re coming home to a space that you love staying in.
You will be excited and proud to have friends over.
That being said…
Let us tell you about the homeowners we’ve helped recently.
Playing with elements like natural light and how the furniture was placed the layout, we helped Jaiya and Sashi move into a calm and serene space that provided them with a cosy to wind down.
We also helped Bella and Kim move into a luxurious space that reflected their elegant personalities. Their friends commented that their space felt more like a 5-room than a 4-room BTO.
We helped Fadilah achieve her dream home inspired by British Colonial architecture, by sourcing and curating furniture pieces, and also transforming structures in the house such as the metallic stairway into a sleek modern spiral staircase.
Of course, it’s not enough to hear our clients’ stories.
What’s more important is crafting your very own story as a homeowner.
Let us innovate for your home.
Click to book a consultation!"
Forefront Interior Pte Ltd.,6,791563306962948,Forefront Interior,29 Sep 2025,https://www.facebook.com/ads/library/?id=791563306962948,ad_screenshots/Forefront_Interior_Pte_Ltd_791563306962948.png,Forefront Interior .,"Welcome to Kinkō House, a minimalist Japandi space where everything is balanced: warmth, breathability, and connection.
Designed by @shaphineid"
Forefront Interior Pte Ltd.,7,4335676406704864,Forefront Interior,20 Nov 2025,https://www.facebook.com/ads/library/?id=4335676406704864,ad_screenshots/Forefront_Interior_Pte_Ltd_4335676406704864.png,Forefront Interior .,"As an interior designer, do you want to build a stable and meaningful career? With our exclusive training programme and access to networks, we help our designers to become the cream of the crop in the industry. Click the link to apply now!"
Forefront Interior Pte Ltd.,8,913446304620839,Retreat by Forefront Interior,19 Mar 2026,https://www.facebook.com/ads/library/?id=913446304620839,ad_screenshots/Forefront_Interior_Pte_Ltd_913446304620839.png,Forefront Interior .,"sunlight hits different when you’re chilling right 🌞🪑
Visit Instagram Profile"
Forefront Interior Pte Ltd.,9,608663865189965,Forefront Interior,11 Jul 2025,https://www.facebook.com/ads/library/?id=608663865189965,ad_screenshots/Forefront_Interior_Pte_Ltd_608663865189965.png,Forefront Interior .,"“Wow, you sure this is a 4-room apartment? Not a 5-room?”
Have you had that reaction in the past, when you visited your friend’s place?
How is it that their place can be so spacious and welcoming, while you feel like your house is so cramped?
The difference lies in having a designer who can innovate according to your lifestyle.
If your interior designer designs with your lifestyle at the forefront of their mind:
You won’t struggle with having power sockets in inconvenient places.
You won’t feel like your home isn’t a good reflection of who you want to be.
You will feel like you’re coming home to a space that you love staying in.
You will be excited and proud to have friends over.
That being said…
Let us tell you about the homeowners we’ve helped recently.
Playing with elements like natural light and how the furniture was placed the layout, we helped Jaiya and Sashi move into a calm and serene space that provided them with a cosy to wind down.
We also helped Bella and Kim move into a luxurious space that reflected their elegant personalities. Their friends commented that their space felt more like a 5-room than a 4-room BTO.
We helped Fadilah achieve her dream home inspired by British Colonial architecture, by sourcing and curating furniture pieces, and also transforming structures in the house such as the metallic stairway into a sleek modern spiral staircase.
Of course, it’s not enough to hear our clients’ stories.
What’s more important is crafting your very own story as a homeowner.
Let us innovate for your home.
Click to book a consultation!"
Forefront Interior Pte Ltd.,10,2129002237853758,Forefront Interior,7 Mar 2026,https://www.facebook.com/ads/library/?id=2129002237853758,ad_screenshots/Forefront_Interior_Pte_Ltd_2129002237853758.png,Forefront Interior .,"Explore Seijaku House | Designed and presented by Forefront Interior
FOREFRONTINTERIOR.COM
Explore Seijaku House"
Boon Huat Interior Design,1,1715597713183092,Boon Huat Interior Design,23 Mar 2026,https://www.facebook.com/ads/library/?id=1715597713183092,ad_screenshots/Boon_Huat_Interior_Design_1715597713183092.png,Boon Huat Interior Design,"🎖️ 🎖️🏠 BTO Standard Vinyl Package 🎁🏠 🎖️
🏡 Ready to Renovate Your BTO Flats? Let’s Make It a Reality!
📞 Contact Us Today: 9636 4507
⭐ WHATSAPP: 9636 4507
📧 EMAIL: boon_huat@singnet.com.sg
🌐 Follow Us on Facebook: Boon Huat Interior Design
Why Choose Us?
✅ Bizsafe Level 3 Certified
✅ SCAL SLOTS Member
✅ HDB Registered Licensed Contractor
✅ Preferred Bellus Designer
✅ Nippon Paint Designer of Choice
✅ 3-Year Waterproofing Warranty
✅ 100% Deposit Refund Guarantee
✅ Free Defects Inspection
Your Dream Home Starts Here!
We specialize in creating customized designs tailored to your vision and needs. Let us turn your ideas into reality with professional, hassle-free renovation services.
--------------------------------
BTO PREMIUM PACKAGE 🎁
🔸 3-Room Flat: $9,888 ONLY
🔸 4-Room Flat: $10,888 ONLY
🔸 5-Room Flat: $11,888 ONLY
KITCHEN PACKAGE 💎
♦️ 3-Room Flat: $13,888 ONLY
♦️ 4-Room Flat: $13,888 ONLY
♦️ 5-Room Flat: $13,888 ONLY
RESALE FLAT PACKAGE ✨
📍 3 ROOM $23,888 ONLY
📍 4 ROOM $25,888 ONLY
📍 5 ROOM $27,888 ONLY
Tailored solutions for resale flats – contact us for details!
📌 Don’t Wait! Book Your Consultation Now and Let’s Make Your Dream Home Come True.
Terms & Conditions Apply.
#boonhuatinteriordesign #BTOrenovation #kitchenmakeover #bathroomdesign #dreamhome #renovationproject"
Boon Huat Interior Design,2,1328334415788715,Boon Huat Interior Design,22 Mar 2026,https://www.facebook.com/ads/library/?id=1328334415788715,ad_screenshots/Boon_Huat_Interior_Design_1328334415788715.png,Boon Huat Interior Design,Just collected your BTO keys? 🔑 Transform your new flat into a modern and functional home. ✔ Smart storage carpentry ✔ Modern lighting design ✔ Space-saving layout ✔ Practical kitchen planning See how this BTO unit was transformed. 📩 WhatsApp us now for a FREE renovation consultation.
Boon Huat Interior Design,3,948079227760981,Boon Huat Interior Design,25 Mar 2026,https://www.facebook.com/ads/library/?id=948079227760981,ad_screenshots/Boon_Huat_Interior_Design_948079227760981.png,Boon Huat Interior Design,"🏡 Tired of delays and excuses? We complete full home makeovers in just 30 days — guaranteed!* ✨ Transparent pricing, reliable team, stunning results. 📞 Book a free consultation now!"
Boon Huat Interior Design,4,2146968412768535,Boon Huat Interior Design,18 Mar 2026,https://www.facebook.com/ads/library/?id=2146968412768535,ad_screenshots/Boon_Huat_Interior_Design_2146968412768535.png,Boon Huat Interior Design,"📣We’re hiring Sales Designers!
Looking for a platform to grow your sales and income?
💰 Benefits for Sales Designers:
📍$1800 3-month paid trial support
📍Monthly 1% Reward for $30K sales & above
📍Monthly 70% Profit Share for $60K sales & above
📍$100 Customer review incentives
📍Monthly/Quarterly/Yearly reward for achieving Sales Target
📍Team support and growth opportunities
Interested? Apply now and let’s create something amazing together.
WhatsApp your resume to 9636 4507.
#sginterior #interiordesignsg #sginteriordesigner #sgreno #sghome #sgbto #hdbreno #hdbrenovation #sgjobs #salesdesigner #interiordesignerjobs #singaporejobs #sgcareer"
Boon Huat Interior Design,5,1409738700727583,Boon Huat Tiling & Construction Pte Ltd,8 Dec 2025,https://www.facebook.com/ads/library/?id=1409738700727583,ad_screenshots/Boon_Huat_Interior_Design_1409738700727583.png,Boon Huat,"Renovating your kitchen or toilets? Direct workers, transparent pricing, fast completion. Kitchen Package from $6,888 | Toilet from $3,988. WhatsApp us for free site visit."
Boon Huat Interior Design,6,1995295821365993,Boon Huat Tiling & Construction Pte Ltd,16 Mar 2026,https://www.facebook.com/ads/library/?id=1995295821365993,ad_screenshots/Boon_Huat_Interior_Design_1995295821365993.png,Boon Huat,"🏠 Renovation Made Easy with us! 🛠️
Looking to upgrade your home? Let our experienced workers to handle it! With direct workers and transparent pricing, you can trust us for quality workmanship.
✨ Our Services Include:
✅ Tiling Works:
Wall Tiling: $5.50 per sq ft
Floor Tiling: $4.50 per sq ft
Kitchen Flooring: $850
Toilet Flooring: $450
Balcony Flooring: $450
✅ Hacking Works:
HDB 3-Room: $2500
HDB 4-Room: $2900
HDB 5-Room: $3500
EA Apartment: Starting at $3900
🌟 Year-End Lucky Draw! 🌟
🎁 First Prize: $30,000 Cash
✈️ Second Prize: $5000 Air Ticket of your choice
🎧 Third Prize: $1000 Handphone of your choice
Why Choose BH Group?
✔️ Reliable and experienced team
✔️ bizSAFE 3 certified
✔️ Affordable pricing
📞 Call us now at 9636 4507 for a free quote and consultation!
Act now and turn your dream home into reality.
Meta © 2026 |
This ad is from a URL link"
CARPENTERS Interior Design (Tradehub21),1,2129750434547280,Carpenters 匠,15 Apr 2026,https://www.facebook.com/ads/library/?id=2129750434547280,ad_screenshots/CARPENTERS_Interior_Design_Tradehub21_2129750434547280.png,@carpentersdesignsg,"Wood has long been appreciated in interiors for its natural beauty and aesthetically warming properties, and this is as prevalent today as it’s ever been. Modern interiors that are characterised by simple lines and minimalist layouts perhaps stand to gain the most from infusions of gorgeous wood grains, and from the rich tonal element they bring.
A design by Designer Cecilia Chiew.
Make an appointment here:
Check us out:
whatsapp us:
Have our updates delivered to you on Telegram:"
CARPENTERS Interior Design (Tradehub21),2,874789425625661,Carpenters 匠,15 Apr 2026,https://www.facebook.com/ads/library/?id=874789425625661,ad_screenshots/CARPENTERS_Interior_Design_Tradehub21_874789425625661.png,Carpenters Design SG,"The interior design in the image combines modern minimalist aesthetics with wabi-sabi elements, emphasizing simplicity, natural beauty, and the charm of imperfection.
The use of soft neutrals like beige, cream, and white creates a serene and harmonious environment, characteristic of minimalist and wabi-sabi aesthetics.
The warm, earthy tones enhance the natural, organic feel of the space, in line with wabi-sabi principles.
Make an appointment here:
Check us out:
whatsapp us:
Have our updates delivered to you on Whatsapp Channel:"
CARPENTERS Interior Design (Tradehub21),3,900586312446669,Carpenters 匠,1 Feb 2026,https://www.facebook.com/ads/library/?id=900586312446669,ad_screenshots/CARPENTERS_Interior_Design_Tradehub21_900586312446669.png,Carpenters Design SG,"This 3-room BTO flat has been professionally transformed by designer Michael into a serene and highly functional living space, embodying Japandi and minimalist design principles.
The entire home features a cohesive palette of warm, natural light wood tones and clean lines. Key highlights of Michael's design include the living area's striking circular feature wall and vertical wood slat paneling, both enhanced with sophisticated ambient strip lighting. This layering of light and texture provides a unique, architectural focus.
Ready to elevate your home with a professional, bespoke design from our team? Contact us today to schedule your consultation.
-
Transform your space with Carpenters ✨
🌐 Visit us:
📩 Enquire now:
📱 WhatsApp us:
🏢 Showrooms: Tradehub21 | Oxley Bizhub 2
#InteriorDesign #HomeStyling #MinimalistDesign #HDBRenovation
#CarpentersSG #SingaporeInteriorDesign #DesignedByCarpenters #ScandiVibes #DesignGoalsSG"
CARPENTERS Interior Design (Tradehub21),4,2653861397513052,Carpenters 匠,1 Feb 2026,https://www.facebook.com/ads/library/?id=2653861397513052,ad_screenshots/CARPENTERS_Interior_Design_Tradehub21_2653861397513052.png,Carpenters Design SG,"Greeted by a calm and airy Scandinavian hallway, this design focuses on clean lines, soft wood tones and effortless functionality. Every detail is crafted to create a warm, bright and uncluttered flow, bringing comfort and simplicity into the everyday home."
CARPENTERS Interior Design (Tradehub21),5,1249571833699820,Carpenters 匠,11 Feb 2026,https://www.facebook.com/ads/library/?id=1249571833699820,ad_screenshots/CARPENTERS_Interior_Design_Tradehub21_1249571833699820.png,Carpenters Design SG,"Discover the mastery of modern design by Jassie at 319B Tengah Park Ave. This home perfectly balances clean, minimalist aesthetics with maximum functionality. Jassie's vision is a sanctuary of soft curves and seamless integration, highlighted by a soothing neutral palette and abundant natural light. The stunning rounded kitchen island grounds the space while providing a sophisticated touch to the open-concept living.
Functionality is built into every detail. The kitchen features an ultra-efficient, floor-to-ceiling pull-out pantry beside the fridge, a clever solution for serious storage. In the bedroom, custom comfort meets practicality with a cushioned headboard and sleek floating nightstands that include integrated power points. This is truly smart design that works.
-
Transform your space with Carpenters ✨
🌐 Visit us:
📩 Enquire now:
📱 WhatsApp us:
🏢 Showrooms: Tradehub21 | Oxley Bizhub 2
#InteriorDesign #HomeStyling #MinimalistDesign #HDBRenovation
#CarpentersSG #SingaporeInteriorDesign #DesignedByCarpenters #ScandiVibes #DesignGoalsSG"
CARPENTERS Interior Design (Tradehub21),6,1600828761158494,Carpenters 匠,1 Feb 2026,https://www.facebook.com/ads/library/?id=1600828761158494,ad_screenshots/CARPENTERS_Interior_Design_Tradehub21_1600828761158494.png,Carpenters Design SG,"This 3-room BTO flat has been professionally transformed by designer Michael into a serene and highly functional living space, embodying Japandi and minimalist design principles. The entire home features a cohesive palette of warm, natural light wood tones and clean lines. Key highlights of Michael's design include the living area's striking circular feature wall and vertical wood slat paneling, both enhanced with sophisticated ambient strip lighting. This layering of light and texture provides a unique, architectural focus. Ready to elevate your home with a professional, bespoke design from our team? Contact us today to schedule your consultation."
CARPENTERS Interior Design (Tradehub21),7,1676322736711889,Carpenters 匠,17 Apr 2026,https://www.facebook.com/ads/library/?id=1676322736711889,ad_screenshots/CARPENTERS_Interior_Design_Tradehub21_1676322736711889.png,Carpenters Design SG,"📍 Project Showcase: 2-Room Modern Minimalist Flat at Woodlands Ave 1
Smart design makes all the difference! We transformed this compact 2-room flat into a bright, airy sanctuary using clean lines and a soft neutral palette.
The standout feature? A sleek glass sliding partition for the bedroom. It lets natural light flow freely throughout the home, offering the perfect balance of openness and privacy when the full-length curtains are drawn.
Space-saving solutions shine with custom floor-to-ceiling built-in wardrobes and a floating bedside table that keep the bedroom entirely clutter-free. Over in the kitchen, handle-less white cabinets, a marble-patterned backsplash, and warm LED lighting create an elegant, streamlined cooking zone.
Ready to maximize your own space? Let’s bring your dream home to life.
📩 DM us or book your consultation here:"
CARPENTERS Interior Design (Tradehub21),8,1320297979993764,Carpenters 匠,22 Apr 2026,https://www.facebook.com/ads/library/?id=1320297979993764,ad_screenshots/CARPENTERS_Interior_Design_Tradehub21_1320297979993764.png,Carpenters Design SG,"We’re excited to present our Dream Home Event in May, your perfect opportunity to transform your space into a home designed for comfort, style, and everyday living.
Whether you're renovating your BTO, resale flat, condo, or landed home, this is the ideal time to start fresh and bring your vision to life.
Celebrate with us at the showroom on 15th, 16th & 17th May and enjoy:
✅ Expert consultation to guide your renovation journey
✅ FREE BLUM hinge upgrades for kitchen cabinetry
✅ FREE upgrade to low formaldehyde plywood for a healthier home
✅ FREE 3D visualisation and home photography
✅ FREE home renovation insurance
✅ Additional $500 cash discount
🎁 Sure-Win Gifts & Rewards
Sign with us and enjoy attractive home appliances, shopping vouchers, and additional savings to enhance your renovation value.
🤝 Exclusive Partner Privileges
🎯 Limited slots available
👉 Book your appointment today:
Start your renovation journey with confidence and create a home that truly reflects your lifestyle."
CARPENTERS Interior Design (Tradehub21),9,1301834811901732,Carpenters 匠,19 Apr 2026,https://www.facebook.com/ads/library/?id=1301834811901732,ad_screenshots/CARPENTERS_Interior_Design_Tradehub21_1301834811901732.png,Carpenters Design SG,"This 3-room BTO flat has been professionally transformed by designer Michael into a serene and highly functional living space, embodying Japandi and minimalist design principles.
The entire home features a cohesive palette of warm, natural light wood tones and clean lines. Key highlights of Michael's design include the living area's striking circular feature wall and vertical wood slat paneling, both enhanced with sophisticated ambient strip lighting. This layering of light and texture provides a unique, architectural focus.
Ready to elevate your home with a professional, bespoke design from our team? Contact us today to schedule your consultation.
-
Transform your space with Carpenters ✨
🌐 Visit us:
📩 Enquire now:
📱 WhatsApp us:
🏢 Showrooms: Tradehub21 | Oxley Bizhub 2
#InteriorDesign #HomeStyling #MinimalistDesign #HDBRenovation
#CarpentersSG #SingaporeInteriorDesign #DesignedByCarpenters #ScandiVibes #DesignGoalsSG"
CARPENTERS Interior Design (Tradehub21),10,1472524061030695,Carpenters 匠,16 Apr 2026,https://www.facebook.com/ads/library/?id=1472524061030695,ad_screenshots/CARPENTERS_Interior_Design_Tradehub21_1472524061030695.png,Carpenters Design SG,"Discover the mastery of modern design by Jassie at 319B Tengah Park Ave. This home perfectly balances clean, minimalist aesthetics with maximum functionality. Jassie's vision is a sanctuary of soft curves and seamless integration, highlighted by a soothing neutral palette and abundant natural light. The stunning rounded kitchen island grounds the space while providing a sophisticated touch to the open-concept living.
Functionality is built into every detail. The kitchen features an ultra-efficient, floor-to-ceiling pull-out pantry beside the fridge, a clever solution for serious storage. In the bedroom, custom comfort meets practicality with a cushioned headboard and sleek floating nightstands that include integrated power points. This is truly smart design that works.
-
Transform your space with Carpenters ✨
🌐 Visit us:
📩 Enquire now:
📱 WhatsApp us:
🏢 Showrooms: Tradehub21 | Oxley Bizhub 2
#InteriorDesign #HomeStyling #MinimalistDesign #HDBRenovation
#CarpentersSG #SingaporeInteriorDesign #DesignedByCarpenters #ScandiVibes #DesignGoalsSG"
Eight Design (East Showroom) - Top Interior Design Services Singapore,1,2026876977857593,Eight Design - TOP Residential & Commercial IDs,4 Feb 2026,https://www.facebook.com/ads/library/?id=2026876977857593,ad_screenshots/Eight_Design_East_Showroom_Top_Interior_Design_Services_Singapore_2026876977857593.png,@eightdesign.sg,"Small space, big comfort ✨
This 2-bedroom home at Tengah 307C proves that size doesn’t limit good design. With smart storage solutions, well-placed lighting, and soft, calming tones, every corner is thoughtfully planned to feel open, warm, and livable.
A cozy home isn’t about having more space — it’s about using it right.
📞 Call us: +65 6266 8880
💬 WhatsApp us: +65 8936 6888
⏰ Opening Hours:
Mon – Fri: 10 AM – 8 PM
Sat – Sun: 10 AM – 6 PM
Public Holidays: By appointment only
📍 Visit Our Showrooms:
🏡 East: 140 Paya Lebar Road #01-04 AZ@ Paya Lebar, Singapore 409015
🏡 West: 26 Boon Lay Way #01-84 Tradehub 21, Singapore 609970
#EightDesignSG #Tengah307C #SmallHomeBigIdeas #CozyHomeSG #InteriorDesignSingapore #SmartStorage #HomeInspoSG"
Eight Design (East Showroom) - Top Interior Design Services Singapore,2,2063644164336016,Eight Design - TOP Residential & Commercial IDs,4 May 2026,https://www.facebook.com/ads/library/?id=2063644164336016,ad_screenshots/Eight_Design_East_Showroom_Top_Interior_Design_Services_Singapore_2063644164336016.png,@eightdesign.sg,"A space, redefined.
This HDB renovation shows how thoughtful hacking and smart planning can completely transform the way a home feels.
By opening up the layout, improving flow, and layering in practical design details, the space now feels brighter, more spacious, and easier to live in.
Good design isn’t about having more, it’s about making every part of your home work better.
📞 Call us: +65 6266 8880
💬 WhatsApp us: +65 8936 6888
⏰ Opening Hours:
Mon – Fri: 10 AM – 8 PM
Sat – Sun: 10 AM – 6 PM
Public Holidays: By appointment only
📍 Visit Our Showrooms:
🏡 East: 140 Paya Lebar Road #01-04 AZ@ Paya Lebar, Singapore 409015
🏡 West: 26 Boon Lay Way #01-84 Tradehub 21, Singapore 609970
#EightDesignSG #HDBRenovation #InteriorDesignSingapore #ModernHomeSG #HomeInspoSG"
The Alchemist Design,1,1185567910093806,The Alchemists Design,28 Oct 2025,https://www.facebook.com/ads/library/?id=1185567910093806,ad_screenshots/The_Alchemist_Design_1185567910093806.png,provided direct link,"🏠 Year End HDB Resale Renovation Package!
🎉 Lifetime Warranty.
📌 3 Room Resale - $17,888
📌 4 Room Resale - $18,288
📌 5 Room Resale - $18,588
📌 EA Resale - $18,888
🎉 Free gifts included
🎉 No hidden cost
Renovate with a peace of mind with The Alchemists Design:
✅ Multi-Award Winning Firm
✅ HDB Licensed Contractor
✅ BCA Licensed Contractor
✅ Casetrust accredited with 100% deposit money back guarantee
✅ Bizsafe 3 Certified
🏅 Singapore Business Trust Award
🏅 Singapore Trusted Enterprise Award
🏅 Singapore Consumer's Choice Award
🏅 Singapore Prestige 100 Award
🏅 Top 10 Interior Design Award
🏅 Excel Preferred Craftsmen (Carpenter)
Contact us now to book a discussion for your renovation!
☎️
🌐
📩 Enquiries@TheAlchemistsDesign.Com
📸
🎵 Tiktok.com/@alchemistsdesign"
Earth Interior Design Pte Ltd,1,1485334243376594,Mamaearth,7 Apr 2026,https://www.facebook.com/ads/library/?id=1485334243376594,ad_screenshots/Earth_Interior_Design_Pte_Ltd_1485334243376594.png,Earth,No visible primary ad copy found on the Ads Library detail page.
Earth Interior Design Pte Ltd,2,4272443716344054,"Earth Map, Live Satellite View",25 Mar 2026,https://www.facebook.com/ads/library/?id=4272443716344054,ad_screenshots/Earth_Interior_Design_Pte_Ltd_4272443716344054.png,Earth,3D ছবির সাহায্যে পৃথিবীর প্রতিটি স্থান ঘুরে দেখুন।
Earth Interior Design Pte Ltd,3,512320268276231,Beautiful Earth Boutique,8 Mar 2025,https://www.facebook.com/ads/library/?id=512320268276231,ad_screenshots/Earth_Interior_Design_Pte_Ltd_512320268276231.png,Earth,"🎉 Our Biggest Deal EVER! 🎉 Unbeatable value 5 Piece Bundle + FREE Shipping! Trusted by 600,000+ women, just like you, for its amazing quality, unique designs & price 🥰 Shop here → beautifulearthboutique.com/products/bundle-any-5-pieces-70-off"
Earth Interior Design Pte Ltd,4,1712130053504217,Earth Map,24 Jan 2026,https://www.facebook.com/ads/library/?id=1712130053504217,ad_screenshots/Earth_Interior_Design_Pte_Ltd_1712130053504217.png,Earth,Lacak ke mana pun Anda mau.
Earth Interior Design Pte Ltd,5,4306542296249466,"Earth Map, Live Satellite View",2 Mar 2026,https://www.facebook.com/ads/library/?id=4306542296249466,ad_screenshots/Earth_Interior_Design_Pte_Ltd_4306542296249466.png,Earth,Subaybayan ang bawat sulok ng iyong kapitbahayan.
Earth Interior Design Pte Ltd,6,1960477917834984,"Earth Map, Live Satellite View",22 Jan 2026,https://www.facebook.com/ads/library/?id=1960477917834984,ad_screenshots/Earth_Interior_Design_Pte_Ltd_1960477917834984.png,Earth,Monitore cada canto da sua vizinhança.
Earth Interior Design Pte Ltd,7,1224664673080755,"Earth Map, Live Satellite View",10 Apr 2026,https://www.facebook.com/ads/library/?id=1224664673080755,ad_screenshots/Earth_Interior_Design_Pte_Ltd_1224664673080755.png,Earth,3डी छवियों के माध्यम से पृथ्वी के हर स्थान का अन्वेषण करें।3डी छवियों के माध्यम से पृथ्वी के हर स्थान का अन्वेषण करें।
Earth Interior Design Pte Ltd,8,2244998946027252,"Earth Map, Live Satellite View",2 Mar 2026,https://www.facebook.com/ads/library/?id=2244998946027252,ad_screenshots/Earth_Interior_Design_Pte_Ltd_2244998946027252.png,Earth,Explora cada lugar de la Tierra con imágenes en 3D.
Earth Interior Design Pte Ltd,9,724314360246661,Live.Earth.Map,4 Jul 2025,https://www.facebook.com/ads/library/?id=724314360246661,ad_screenshots/Earth_Interior_Design_Pte_Ltd_724314360246661.png,Earth,Reliving every piece of hometown memory through Earth Map 🌍
Earth Interior Design Pte Ltd,10,1578384516696058,Best GPS Map Live Earth Camera App,22 Jan 2026,https://www.facebook.com/ads/library/?id=1578384516696058,ad_screenshots/Earth_Interior_Design_Pte_Ltd_1578384516696058.png,Earth,Vea su casa vía satélite ahora
LOME Interior,1,1273086424545616,LOME Interior,31 Aug 2025,https://www.facebook.com/ads/library/?id=1273086424545616,ad_screenshots/LOME_Interior_1273086424545616.png,LOME Interior,"🏠 Transform Your BTO into Your Dream Home with Our 2025 Renovation Packages!🏠
Ready to personalize your new BTO flat? Take advantage of our exclusive renovation deals:
✨ 𝟯𝗥𝗠 – $𝟳,𝟲𝟴𝟴
✨ 𝟰𝗥𝗠 – $𝟳,𝟵𝟴𝟴
✨ 𝟱𝗥𝗠 – $𝟴,𝟮𝟴𝟴
Our comprehensive BTO renovation packages include:
• Custom Carpentry with internal colored PVC finish & waterproof carcass
• Premium Countertop
• Professional Painting
• Plumbing & Electrical Works
• Miscellaneous works & more!
Experience quality craftsmanship that turns your house into a home.
📞 What are you waiting for? Chat with us today!
𝗪𝗵𝗮𝘁𝘀𝗔𝗽𝗽:
𝗣𝗠:
📍𝗘𝗮𝘀𝘁 𝗦𝗵𝗼𝘄𝗿𝗼𝗼𝗺
2 Joo Chiat Road #01-1135
Joo Chiat Complex
Singapore 420002
📞 6747 0893
📍𝗖𝗲𝗻𝘁𝗿𝗮𝗹 𝗦𝗵𝗼𝘄𝗿𝗼𝗼𝗺
184 Toa Payoh Central #01-364
Singapore 310184
📞6253 8272"
LOME Interior,2,2051086272394296,LOME Interior,31 Oct 2025,https://www.facebook.com/ads/library/?id=2051086272394296,ad_screenshots/LOME_Interior_2051086272394296.png,LOME Interior,"▪️513 Choa Chu Kang St 51
▪️Francis
Curves, clean lines and creamy textures come together in this serene retreat. From the matte stone cabinetry to the dark marble island and softly lit vanity, every corner is considered for ease and warmth. It’s a space that doesn’t just look polished, it feels personal.
_______________
Contact us via:
𝐖𝐡𝐚𝐭𝐬𝐀𝐩𝐩:
𝐏𝐌:
📍𝐄𝐚𝐬𝐭 𝐒𝐡𝐨𝐰𝐫𝐨𝐨𝐦
2 Joo Chiat Road #01-1135
Joo Chiat Complex
Singapore 420002
📞 6747 0893
📍𝐂𝐞𝐧𝐭𝐫𝐚𝐥 𝐒𝐡𝐨𝐰𝐫𝐨𝐨𝐦
184 Toa Payoh Central #01-364
Singapore 310184
📞 6253 8272
#modernliving #homedesign #lomeinterior #interiordesign #timelessdesign #housebeautiful #homesweethome #classicinterior #grandmillenialdesign #homedesign #hdbreno #renovation #interiorstyling #sgrenovation #bto #sgcondo #sgproperty #minimalisthome #slowliving #simpleinterior #singapore #condodesign #housedesign #sghdb #publichousing #sghomecommunity #moderncontemporary #homeandliving #modernliving"
LOME Interior,3,1177964337745217,LOME Interior,24 Feb 2026,https://www.facebook.com/ads/library/?id=1177964337745217,ad_screenshots/LOME_Interior_1177964337745217.png,LOME Interior,"▪️309B Tengah Ave
▪️Anson
Dark timber built-ins define this home, from the full-length TV console to the raised lounge platform. Integrated lighting and custom storage shape each space for daily use, creating a calm and practical home that feels considered throughout.
_______________
Contact us via:
𝐖𝐡𝐚𝐭𝐬𝐀𝐩𝐩:
𝐏𝐌:
📍𝐄𝐚𝐬𝐭 𝐒𝐡𝐨𝐰𝐫𝐨𝐨𝐦
2 Joo Chiat Road #01-1135
Joo Chiat Complex
Singapore 420002
📞 6747 0893
📍𝐂𝐞𝐧𝐭𝐫𝐚𝐥 𝐒𝐡𝐨𝐰𝐫𝐨𝐨𝐦
184 Toa Payoh Central #01-364
Singapore 310184
📞 6253 8272
#modernliving #homedesign #lomeinterior #interiordesign #timelessdesign #housebeautiful #homesweethome #classicinterior #grandmillenialdesign #homedesign #hdbreno #renovation #interiorstyling #sgrenovation #bto #sgcondo #sgproperty #minimalisthome #slowliving #simpleinterior #singapore #condodesign #housedesign #sghdb #publichousing #sghomecommunity #moderncontemporary #homeandliving #modernliving"
LOME Interior,4,1818680039009095,LOME Interior,10 Sep 2025,https://www.facebook.com/ads/library/?id=1818680039009095,ad_screenshots/LOME_Interior_1818680039009095.png,LOME Interior,"▪️Dairy Farm Residences | Chapter.1
▪️Louis
From slow mornings to movie nights, every space in this home is designed for real life, beautifully lived. Soft neutrals, clean lines and cosy touches bring calm to the bedrooms, while the living area opens up to light, conversation and connection.
Our favourite corner? The pastel-perfect kids' zone – a little world of imagination, cleverly built into the grown-up elegance of the home. Every detail was crafted to make room for what matters most.
_______________
Contact us via:
𝐖𝐡𝐚𝐭𝐬𝐀𝐩𝐩:
𝐏𝐌:
📍𝐄𝐚𝐬𝐭 𝐒𝐡𝐨𝐰𝐫𝐨𝐨𝐦
2 Joo Chiat Road #01-1135
Joo Chiat Complex
Singapore 420002
📞 6747 0893
📍𝐂𝐞𝐧𝐭𝐫𝐚𝐥 𝐒𝐡𝐨𝐰𝐫𝐨𝐨𝐦
184 Toa Payoh Central #01-364
Singapore 310184
📞 6253 8272
#modernliving #homedesign #lomeinterior #interiordesign #timelessdesign #housebeautiful #homesweethome #classicinterior #grandmillenialdesign #homedesign #hdbreno #renovation #interiorstyling #sgrenovation #bto #sgcondo #sgproperty #minimalisthome #slowliving #simpleinterior #singapore #condodesign #housedesign #sghdb #publichousing #sghomecommunity #moderncontemporary #homeandliving #modernliving"
LOME Interior,5,654724930562983,LOME Interior,10 Sep 2025,https://www.facebook.com/ads/library/?id=654724930562983,ad_screenshots/LOME_Interior_654724930562983.png,LOME Interior,"🎬 Simplicity, Styled Right
📍 224A Tengah Gardens
This home doesn’t shout, it soothes. With warm neutrals, rounded silhouettes and thoughtful touches like the ripple-edged mirror or the line-up of matte black kitchen fittings, it’s a space that feels both minimal and full of intention. Each frame is a quiet reminder that less really can be more.
#modernliving #homedesign #lomeinterior #interiordesign #timelessdesign #housebeautiful #homesweethome #classicinterior #grandmillenialdesign #homedesign #hdbreno #renovation #interiorstyling #sgrenovation #bto #sgcondo #sgproperty #minimalisthome #slowliving #simpleinterior #singapore #condodesign #housedesign #sghdb #publichousing #sghomecommunity #moderncontemporary #homeandliving #modernliving"
LOME Interior,6,1950144798945809,LOME Interior,3 Mar 2026,https://www.facebook.com/ads/library/?id=1950144798945809,ad_screenshots/LOME_Interior_1950144798945809.png,LOME Interior,"▪️380A Canberra Drive
▪️Wani
This home is defined by full-height built-ins, from the illuminated TV feature wall to the concealed work and storage areas. The galley kitchen’s soft beige cabinetry and stone surfaces keep the space clean and cohesive, while curved bedroom details and warm lighting add comfort without visual clutter.
_______________
Contact us via:
𝐖𝐡𝐚𝐭𝐬𝐀𝐩𝐩:
𝐏𝐌:
📍𝐄𝐚𝐬𝐭 𝐒𝐡𝐨𝐰𝐫𝐨𝐨𝐦
2 Joo Chiat Road #01-1135
Joo Chiat Complex
Singapore 420002
📞 6747 0893
📍𝐂𝐞𝐧𝐭𝐫𝐚𝐥 𝐒𝐡𝐨𝐰𝐫𝐨𝐨𝐦
184 Toa Payoh Central #01-364
Singapore 310184
📞 6253 8272
#modernliving #homedesign #lomeinterior #interiordesign #timelessdesign #housebeautiful #homesweethome #classicinterior #grandmillenialdesign #homedesign #hdbreno #renovation #interiorstyling #sgrenovation #bto #sgcondo #sgproperty #minimalisthome #slowliving #simpleinterior #singapore #condodesign #housedesign #sghdb #publichousing #sghomecommunity #moderncontemporary #homeandliving #modernliving
Meta © 2026 |
This ad is from a URL link"
Larvotto Interior Design Pte Ltd,1,1453792809554980,Larvotto Interior Design,21 Apr 2026,https://www.facebook.com/ads/library/?id=1453792809554980,ad_screenshots/Larvotto_Interior_Design_Pte_Ltd_1453792809554980.png,Larvotto,"Just bought a Resale HDB? Don’t rush into renovation first, you might end up wasting a lot of money.
Many first-time homeowners don’t understand the process or budget, and halfway through, then realise,
over budget, delay, and the end result was not what they expected.
Resale HDB whole-house renovation now from only $27K.
Resale HDB is our specialty.
We have completed over 15,000 HDB homes in Singapore.
✔ Fully customised design, not template
✔ Local Singapore renovation team
✔ Transparent pricing, no hidden cost
✔ Full project supervision, every step you’re updated
✔ Fast handover, no unnecessary delays
✔ What you see in design = what you get in real life
We don’t just do renovation,
We make sure your home is done right, one time.
And our friendly team will guide you step by step,
so you don’t have to worry.
If you’re a new Resale HDB owner,
click below and fill in your details now,
don’t wait until you make the wrong move and regret later."
Larvotto Interior Design Pte Ltd,2,1522055552859805,Larvotto Interior Design,16 Apr 2026,https://www.facebook.com/ads/library/?id=1522055552859805,ad_screenshots/Larvotto_Interior_Design_Pte_Ltd_1522055552859805.png,Larvotto,"Just bought a Resale HDB? Don’t rush into renovation first, you might end up wasting a lot of money.
Many first-time homeowners don’t understand the process or budget, and halfway through, then realise,
over budget, delay, and the end result was not what they expected.
Resale HDB whole-house renovation now from only $27K.
Resale HDB is our specialty.
We have completed over 15,000 HDB homes in Singapore.
✔ Fully customised design, not template
✔ Local Singapore renovation team
✔ Transparent pricing, no hidden cost
✔ Full project supervision, every step you’re updated
✔ Fast handover, no unnecessary delays
✔ What you see in design = what you get in real life
We don’t just do renovation,
We make sure your home is done right, one time.
And our friendly team will guide you step by step,
so you don’t have to worry.
If you’re a new Resale HDB owner,
click below and fill in your details now,
don’t wait until you make the wrong move and regret later."
Larvotto Interior Design Pte Ltd,3,947562078014265,Larvotto Interior Design,1 May 2026,https://www.facebook.com/ads/library/?id=947562078014265,ad_screenshots/Larvotto_Interior_Design_Pte_Ltd_947562078014265.png,Larvotto,"🚨Resale homeowners, renovating in the next 3 months? This is your best chance to save and renovate properly
Larvotto Whole-House Resale Reno: From $27K. One package. Everything covered. No hidden costs.
Full Home Interior Design Package Includes:
✔ Kitchen
✔ 2 Toilets
✔ Bedrooms
✔ Living Room
Complete Reno Work Scope:
✔ Heavy demolition
✔ Full house flooring
✔ Built-in cabinets
✔ Ceiling works
✔ Plumbing
✔ Painting
You don’t need to deal with different vendors for hacking, carpentry, plumbing, and painting. Everything is handled by one team from start to finish.
👉 All-in price. Proper planning. Smooth execution.
👉 Fully completed. Move-in ready.
👉15,000+ Resale Homes Renovated in Singapore
👉 On-time completion in 6–8 weeks
This is the package resale homeowners choose when they want everything done properly, within budget, and on timeline.
5 FREE Carpentry Upgrades
✨ Quartz kitchen worktop
✨ Soft closing hinges
✨ Aventos HK lift-up system
✨ Premium runner tracks
✨ Moisture & scratch-resistant finish
🚨 Only 5 sign-ups this month
👉 Get your quote or book an appointment now
larvottopromo.com
📍 18 Boon Lay Way #01-93/94 Tradehub 21 Singapore
📞 +65 6575 7666
This is not a basic package.
It is a proper all-in renovation handled by a single experienced team from planning through handover, so you avoid delays, hidden add-on costs, and contractor stress
🏠 Over 15,000 HDB homes completed across Singapore.
If you are planning your renovation soon, this is the package worth comparing. Bring other ID quotes, and we might sweeten the deal further for you.
👉 Click ""GET QUOTE"" to get your FREE reno quote today
Showroom Address:18 Boon Lay Way #01-93/94 Tradehub 21 Singapore 609966
📞 Tel: +65 6575 7666
🔗 Website: larvottopromo.com"
Larvotto Interior Design Pte Ltd,4,1633705097850397,Larvotto Interior Design,8 May 2026 · Total active time 22 hrs,https://www.facebook.com/ads/library/?id=1633705097850397,ad_screenshots/Larvotto_Interior_Design_Pte_Ltd_1633705097850397.png,Larvotto,"⏰ 23-24 May Reno Sale.📍Larvotto's Tradehub21 Showroom🚨Resale homeowners, renovating in the next 3 months? This is your best chance to save and renovate properly
Larvotto Whole-House Resale Reno: From $27K. One package. Everything covered. No hidden costs.
Full Home Interior Design Package Includes:
✔ Kitchen
✔ 2 Toilets
✔ Bedrooms
✔ Living Room
Complete Reno Work Scope:
✔ Heavy demolition of the existing wall, kitchen, and toilets
✔ Full house flooring
✔ Built-in cabinets
✔ Ceiling works
✔ Plumbing
✔ Painting
You don’t need to deal with different vendors for hacking, carpentry, plumbing, and painting. Everything is handled by one team from start to finish.
👉 All-in price. Proper planning. Smooth execution.
👉 Fully completed. Move-in ready.
👉15,000+ Resale Homes Renovated in Singapore
👉 On-time completion in 6–8 weeks
5 FREE Carpentry Upgrades
✨ Quartz kitchen worktop
✨ Soft closing hinges
✨ Aventos HK lift-up system
✨ Premium runner tracks
✨ Moisture & scratch-resistant finish
🚨 Only 13 sign-ups this month
It is a proper all-in renovation handled by a single experienced team from planning through handover, so you avoid delays, hidden add-on costs, and contractor stress
🏠 Over 15,000 HDB homes completed across Singapore.
If you are planning your renovation soon, this is the package worth comparing. Bring other ID quotes, and we might sweeten the deal further for you.
👉 Click ""GET QUOTE"" to get your FREE reno quote today
Showroom Address:18 Boon Lay Way #01-93/94 Tradehub 21 Singapore 609966
📞 Tel: +65 6575 7666
🔗 Website: larvottopromo.com"
Larvotto Interior Design Pte Ltd,5,1491309742691142,Larvotto Interior Design,8 May 2026,https://www.facebook.com/ads/library/?id=1491309742691142,ad_screenshots/Larvotto_Interior_Design_Pte_Ltd_1491309742691142.png,Larvotto,"⏰ 23-24 May Reno Sale.📍Larvotto's Tradehub21 Showroom Just bought a Resale #HDB? Don’t rush into renovation first, you might end up wasting a lot of money.
Many first-time homeowners don’t understand the process or budget, and halfway through, then realise,
over budget, delay, and the end result was not what they expected.
Resale HDB whole-house renovation now from only $27K.
Resale HDB is our specialty.
We have completed over 15,000 HDB homes in Singapore.
✔ Fully customised design, not template
✔ Local Singapore renovation team
✔ Transparent pricing, no hidden cost
✔ Full project supervision, every step you’re updated
✔ Fast handover, no unnecessary delays
✔ What you see in design = what you get in real life
We don’t just do renovation,
We make sure your home is done right, one time.
And our friendly team will guide you step by step,
so you don’t have to worry.
If you’re a new Resale HDB owner,
click below and fill in your details now,
don’t wait until you make the wrong move and regret later."
ExQsite Interior Design Pte Ltd,1,1627915001910258,ExQsite Interior Design Pte Ltd,9 Dec 2025,https://www.facebook.com/ads/library/?id=1627915001910258,ad_screenshots/ExQsite_Interior_Design_Pte_Ltd_1627915001910258.png,ExQsite Interior Design Pte Ltd,"LIMITED TO FIRST 10 RESALE HOMEOWNERS ONLY! ⏳ For a limited time, get your resale flat renovated from under $30,000 with NO hidden costs and NO delays! 🏠 Includes kitchen, toilet(s), bedroom(s), and living room 💯 No hidden costs, 100% quote transparency ⏰ No project delays, get your project completed within 6 to 8 weeks 🚨 This offer is only limited to the first 10 signups this month. So hurry and click below to redeem your exclusive now!"
ExQsite Interior Design Pte Ltd,2,870008895468985,ExQsite Interior Design Pte Ltd,9 Dec 2025,https://www.facebook.com/ads/library/?id=870008895468985,ad_screenshots/ExQsite_Interior_Design_Pte_Ltd_870008895468985.png,ExQsite Interior Design Pte Ltd,"LIMITED TO FIRST 7 RESALE HOMEOWNERS ONLY!
⏳ For a limited time, get your kitchen, 2 toilets renovated and whole house painted from just $27,988 with NO hidden costs and NO delays!
🏠 Includes kitchen, toilet(s) and whole house painting
💯 No hidden costs, 100% quote transparency
⏰ No project delays, get your project completed within 6 to 8 weeks
🎯 TOP UP $555 & GET (ONLY 8 SETS):
✅ Full 20ft Kitchen Cabinets (Grade E0 Low Formaldehyde)
✅ 24 Color Options to match your style
✅ FREE 10ft Quartz/Vulcan Countertop (Worth $800+)
✅ FREE Hob & Hood Installation
✅ FREE Premium Blum Accessories
✅ FREE Stainless Steel Dish Rack
✅ FREE Cutlery Tray
🔥 TOP UP $666 & MIX & MATCH ANY 3 (ONLY 10 SETS):
🚪 3'×7' Laminate Door
🍳 Rinnai Cooker Hob & Hood, Sink + Tap Set
🚽 2 Toilet Bowls + 2 Basin & Tap Sets
🏘️ 500sqft Plaster False Ceiling
👗 6ft Casement Wardrobe
👟 6ft Shoe Cabinet
📺 6ft TV Console
🎨 6ft Feature Wall
🚨 This offer is only limited to the first 7 signups this month.
So hurry and click below to redeem your exclusive now!"
ExQsite Interior Design Pte Ltd,3,2151005105717826,ExQsite Interior Design Pte Ltd,9 Dec 2025,https://www.facebook.com/ads/library/?id=2151005105717826,ad_screenshots/ExQsite_Interior_Design_Pte_Ltd_2151005105717826.png,ExQsite Interior Design Pte Ltd,"LIMITED TO FIRST 7 RESALE HOMEOWNERS ONLY!
⏳ For a limited time, get your resale flat renovated from just $34,588 with NO hidden costs and NO delays!
🏠 Includes kitchen, toilet(s), bedroom(s), and living room
💯 No hidden costs, 100% quote transparency
⏰ No project delays, get your project completed within 6 to 8 weeks
🎯 TOP UP $555 & GET (ONLY 8 SETS):
✅ Full 20ft Kitchen Cabinets (Grade E0 Low Formaldehyde)
✅ 24 Color Options to match your style
✅ FREE 10ft Quartz/Vulcan Countertop (Worth $800+)
✅ FREE Hob & Hood Installation
✅ FREE Premium Blum Accessories
✅ FREE Stainless Steel Dish Rack
✅ FREE Cutlery Tray
🔥 TOP UP $666 & MIX & MATCH ANY 3 (ONLY 10 SETS):
🚪 3'×7' Laminate Door
🍳 Rinnai Cooker Hob & Hood, Sink + Tap Set
🚽 2 Toilet Bowls + 2 Basin & Tap Sets
🏘️ 500sqft Plaster False Ceiling
👗 6ft Casement Wardrobe
👟 6ft Shoe Cabinet
📺 6ft TV Console
🎨 6ft Feature Wall
🚨 This offer is only limited to the first 7 signups this month.
So hurry and click below to redeem your exclusive now!"
ExQsite Interior Design Pte Ltd,4,869650622189364,ExQsite Interior Design Pte Ltd,9 Dec 2025,https://www.facebook.com/ads/library/?id=869650622189364,ad_screenshots/ExQsite_Interior_Design_Pte_Ltd_869650622189364.png,ExQsite Interior Design Pte Ltd,"LIMITED TO FIRST 7 RESALE HOMEOWNERS ONLY!
⏳ For a limited time, get your resale flat renovated from just $34,588 with NO hidden costs and NO delays!
🏠 Includes kitchen, toilet(s), bedroom(s), and living room
💯 No hidden costs, 100% quote transparency
⏰ No project delays, get your project completed within 6 to 8 weeks
🎯 TOP UP $555 & GET (ONLY 8 SETS):
✅ Full 20ft Kitchen Cabinets (Grade E0 Low Formaldehyde)
✅ 24 Color Options to match your style
✅ FREE 10ft Quartz/Vulcan Countertop (Worth $800+)
✅ FREE Hob & Hood Installation
✅ FREE Premium Blum Accessories
✅ FREE Stainless Steel Dish Rack
✅ FREE Cutlery Tray
🔥 TOP UP $666 & MIX & MATCH ANY 3 (ONLY 10 SETS):
🚪 3'×7' Laminate Door
🍳 Rinnai Cooker Hob & Hood, Sink + Tap Set
🚽 2 Toilet Bowls + 2 Basin & Tap Sets
🏘️ 500sqft Plaster False Ceiling
👗 6ft Casement Wardrobe
👟 6ft Shoe Cabinet
📺 6ft TV Console
🎨 6ft Feature Wall
🚨 This offer is only limited to the first 7 signups this month.
So hurry and click below to redeem your exclusive now!"
Vitas Design SG,1,1116497886176442,Vitas Design SG,24 Dec 2023,https://www.facebook.com/ads/library/?id=1116497886176442,ad_screenshots/Vitas_Design_SG_1116497886176442.png,Vitas Design SG,"Embark on your renovation journey with Vitas Design SG, your personalised design expert."
Vitas Design SG,2,833734239829732,Vitas Design SG,6 Nov 2025,https://www.facebook.com/ads/library/?id=833734239829732,ad_screenshots/Vitas_Design_SG_833734239829732.png,Vitas Design SG,"Embark on your renovation journey with Vitas Design SG, your personalised design expert."
Vitas Design SG,3,1525383541828376,Vitas Design SG,6 Nov 2025,https://www.facebook.com/ads/library/?id=1525383541828376,ad_screenshots/Vitas_Design_SG_1525383541828376.png,Vitas Design SG,"Embark on your renovation journey with Vitas Design SG, your personalised design expert."
Vitas Design SG,4,2806601753047199,Vitas Design SG,7 May 2026,https://www.facebook.com/ads/library/?id=2806601753047199,ad_screenshots/Vitas_Design_SG_2806601753047199.png,Vitas Design SG,"UPPER ALJUNIED ROAD | HDB
Wood is a superstar in the world of interior design, showcasing its incredible versatility in countless ways. Picture the striking contrast between the rustic charm of reclaimed oak beams and the sleek elegance of maple hardwood floors. Wood seamlessly caters to every design aesthetic, making it an essential element in contemporary homes while effortlessly infusing them with warmth and sophistication.
•
When it comes to enhancing the natural beauty of wood, blending it with complementary colour schemes can work wonders. Soft, earthy tones pair beautifully with rich, dark woods, creating an inviting atmosphere that beckons you to unwind. Meanwhile, lighter woods combined with cool, pastel shades can make a space feel airy and expansive, reflecting light and adding a touch of brightness.
Beyond its aesthetic appeal, wood significantly influences the mood of a room. Warm wood tones can cosy up vast areas, making them feel more intimate, while lighter woods lift the ambience, encouraging a sense of openness and tranquillity. This perfect balance of beauty and practicality is why wood remains a top choice for crafting serene and stylish environments.
Delving into the world of wood in interior design reveals its vital role in shaping sophisticated living spaces. This exploration highlights wood's adaptability and timeless character, proving it can transform the ordinary into the extraordinary. Whether you’re aiming for a rustic retreat or a sleek modern vibe, wood rises to the occasion, enriching your home in ways that are both stunning and enduring.
#Home
#InteriorDesign
#InstaHome
#InstaHomeDecor
#InteriorDesignDetails
#DecorInspirations
#ModernContemporary
#HouseTour
#VitasDesignSG
By @VitasDesignSG
Designer Sharon Ang
Book & meet VITAS designer
Vitas Portfolio
Get in touch with us
Meta © 2026 |
This ad is from a URL link"
Chapter 13 Interior Design,1,789814083961885,Chapter 13 Interior Design,20 Apr 2026,https://www.facebook.com/ads/library/?id=789814083961885,ad_screenshots/Chapter_13_Interior_Design_789814083961885.png,Chapter 13 Interior Design,"🔥 𝐒𝐢𝐧𝐠𝐚𝐩𝐨𝐫𝐞’𝐬 𝐌𝐨𝐬𝐭 𝐓𝐫𝐮𝐬𝐭𝐞𝐝 𝐅𝐮𝐥𝐥 𝐇𝐨𝐮𝐬𝐞 𝐌𝐚𝐤𝐞𝐨𝐯𝐞𝐫 – 𝐎𝐧𝐥𝐲 $𝟖,𝟖𝟖𝟖!
✨ FREE 3D Design included (visualize before committing!)
👉 Click for your FREE 3D design:
💡 𝐀 𝐑𝐞𝐧𝐨𝐯𝐚𝐭𝐢𝐨𝐧 𝐏𝐚𝐜𝐤𝐚𝐠𝐞 𝐁𝐮𝐢𝐥𝐭 𝐭𝐨 𝐏𝐫𝐞𝐯𝐞𝐧𝐭 𝐍𝐢𝐠𝐡𝐭𝐦𝐚𝐫𝐞𝐬
No hidden costs. No surprises. No overpromising. Just transparent pricing + quality workmanship + guaranteed protections.
With our All-in-One $8,888 Full House Makeover, you’ll get everything needed to transform your home:
✅𝐖𝐡𝐚𝐭 𝐘𝐨𝐮’𝐥𝐥 𝐄𝐧𝐣𝐨𝐲:
💥 FREE 3D Design Consultation – see your home before we start
💥 FREE Upgrades – includes Lifetime Warranty on all renovation works
💥 Full Renovation Works, including:
• Kitchen cabinet + quartz tabletop
• Stainless steel dish rack
• Wardrobe
• Painting & plumbing
• Wet works & essential fittings
• Custom carpentry with internal PVC finishings
All bundled into one straightforward, stress-free price.
🛡️ Why Homeowners Trust Us With Their Reno
🔹 CASETRUST & SFIC Accredited
🔹 HDB Licensed Contractor
🔹 Professional Site Supervision
🔹 Post-Reno Defect Checks
🔹 100% commitment to workmanship, cleanliness & customer satisfaction
⏳ Only 50 Packages Available – First Come, First Served!
Perfect for new homeowners, resale buyers, or anyone upgrading their home without stress.
👉𝐓𝐚𝐩 𝐧𝐨𝐰 𝐭𝐨 𝐜𝐥𝐚𝐢𝐦 𝐲𝐨𝐮𝐫 𝐅𝐑𝐄𝐄 𝟑𝐃 𝐃𝐞𝐬𝐢𝐠𝐧 𝐂𝐨𝐧𝐬𝐮𝐥𝐭𝐚𝐭𝐢𝐨𝐧:"
Chapter 13 Interior Design,2,1443629140265364,Chapter 13 Interior Design,20 Apr 2026,https://www.facebook.com/ads/library/?id=1443629140265364,ad_screenshots/Chapter_13_Interior_Design_1443629140265364.png,Chapter 13 Interior Design,"✨𝐅𝐮𝐥𝐥 𝐇𝐨𝐮𝐬𝐞 𝐌𝐚𝐤𝐞𝐨𝐯𝐞𝐫 𝐚𝐭 𝐚𝐧 𝐔𝐧𝐛𝐞𝐚𝐭𝐚𝐛𝐥𝐞 𝐏𝐫𝐢𝐜𝐞! ✨
Affordable & Hassle-Free All-in-One Renovation Package + FREE Upgrades including a Lifetime Warranty on ALL Works! 🚨 Don’t wait – 𝐂𝐥𝐢𝐜𝐤 “𝐋𝐞𝐚𝐫𝐧 𝐌𝐨𝐫𝐞” and secure your FREE Design Proposal (worth $497) for your dream home today!
🏡 𝐌𝐨𝐯𝐞-𝐈𝐧 𝐏𝐫𝐨𝐦𝐨: Everything you need for your Full House Makeover at just $8,888! (U.P $10,888). Limited to only 50 units, so act fast!
𝐖𝐡𝐚𝐭 𝐘𝐨𝐮’𝐥𝐥 𝐆𝐞𝐭:
FREE Upgrade to Excel Hardware Lifetime Warranty on all renovation works
All carpentry works with internal colour PVC
Professional design services tailored to your needs
Full site supervision for a smooth process
Wet works, chemical washing, and more
Kitchen Cabinet + Quartz Tabletop + Stainless Steel Dish Rack + Cutlery Tray
Wardrobe included for that stylish finish!
Painting, Plumbing, and Miscellaneous Works – all taken care of!
🔥 Act Fast – Limited to 50 Units!
Don’t miss the BEST RENOVATION DEAL in Singapore! 👉 𝐂𝐥𝐢𝐜𝐤 “𝐋𝐞𝐚𝐫𝐧 𝐌𝐨𝐫𝐞” to grab your FREE Design Proposal and start your Full House Makeover now!"
Chapter 13 Interior Design,3,2064799937766643,Chapter 13 Interior Design,20 Apr 2026,https://www.facebook.com/ads/library/?id=2064799937766643,ad_screenshots/Chapter_13_Interior_Design_2064799937766643.png,Chapter 13 Interior Design,"🔥 𝐒𝐢𝐧𝐠𝐚𝐩𝐨𝐫𝐞’𝐬 𝐌𝐨𝐬𝐭 𝐓𝐫𝐮𝐬𝐭𝐞𝐝 𝐅𝐮𝐥𝐥 𝐇𝐨𝐮𝐬𝐞 𝐌𝐚𝐤𝐞𝐨𝐯𝐞𝐫 – 𝐎𝐧𝐥𝐲 $𝟖,𝟖𝟖𝟖!
✨ FREE 3D Design included (visualize before committing!)
👉 Click for your FREE 3D design:
💡 𝐀 𝐑𝐞𝐧𝐨𝐯𝐚𝐭𝐢𝐨𝐧 𝐏𝐚𝐜𝐤𝐚𝐠𝐞 𝐁𝐮𝐢𝐥𝐭 𝐭𝐨 𝐏𝐫𝐞𝐯𝐞𝐧𝐭 𝐍𝐢𝐠𝐡𝐭𝐦𝐚𝐫𝐞𝐬
No hidden costs. No surprises. No overpromising. Just transparent pricing + quality workmanship + guaranteed protections.
With our All-in-One $8,888 Full House Makeover, you’ll get everything needed to transform your home:
✅𝐖𝐡𝐚𝐭 𝐘𝐨𝐮’𝐥𝐥 𝐄𝐧𝐣𝐨𝐲:
💥 FREE 3D Design Consultation – see your home before we start
💥 FREE Upgrades – includes Lifetime Warranty on all renovation works
💥 Full Renovation Works, including:
• Kitchen cabinet + quartz tabletop
• Stainless steel dish rack
• Wardrobe
• Painting & plumbing
• Wet works & essential fittings
• Custom carpentry with internal PVC finishings
All bundled into one straightforward, stress-free price.
🛡️ Why Homeowners Trust Us With Their Reno
🔹 CASETRUST & SFIC Accredited
🔹 HDB Licensed Contractor
🔹 Professional Site Supervision
🔹 Post-Reno Defect Checks
🔹 100% commitment to workmanship, cleanliness & customer satisfaction
⏳ Only 50 Packages Available – First Come, First Served!
Perfect for new homeowners, resale buyers, or anyone upgrading their home without stress.
👉𝐓𝐚𝐩 𝐧𝐨𝐰 𝐭𝐨 𝐜𝐥𝐚𝐢𝐦 𝐲𝐨𝐮𝐫 𝐅𝐑𝐄𝐄 𝟑𝐃 𝐃𝐞𝐬𝐢𝐠𝐧 𝐂𝐨𝐧𝐬𝐮𝐥𝐭𝐚𝐭𝐢𝐨𝐧:"
Chapter 13 Interior Design,4,4277467962505914,Chapter 13 Interior Design,20 Apr 2026,https://www.facebook.com/ads/library/?id=4277467962505914,ad_screenshots/Chapter_13_Interior_Design_4277467962505914.png,Chapter 13 Interior Design,"✨𝐅𝐮𝐥𝐥 𝐇𝐨𝐮𝐬𝐞 𝐌𝐚𝐤𝐞𝐨𝐯𝐞𝐫 𝐚𝐭 𝐚𝐧 𝐔𝐧𝐛𝐞𝐚𝐭𝐚𝐛𝐥𝐞 𝐏𝐫𝐢𝐜𝐞! ✨
Affordable & Hassle-Free All-in-One Renovation Package + FREE Upgrades including a Lifetime Warranty on ALL Works! 🚨 Don’t wait – 𝐂𝐥𝐢𝐜𝐤 “𝐋𝐞𝐚𝐫𝐧 𝐌𝐨𝐫𝐞” and secure your FREE Design Proposal (worth $497) for your dream home today!
🏡 𝐌𝐨𝐯𝐞-𝐈𝐧 𝐏𝐫𝐨𝐦𝐨: Everything you need for your Full House Makeover at just $8,888! (U.P $10,888). Limited to only 50 units, so act fast!
𝐖𝐡𝐚𝐭 𝐘𝐨𝐮’𝐥𝐥 𝐆𝐞𝐭:
FREE Upgrade to Excel Hardware Lifetime Warranty on all renovation works
All carpentry works with internal colour PVC
Professional design services tailored to your needs
Full site supervision for a smooth process
Wet works, chemical washing, and more
Kitchen Cabinet + Quartz Tabletop + Stainless Steel Dish Rack + Cutlery Tray
Wardrobe included for that stylish finish!
Painting, Plumbing, and Miscellaneous Works – all taken care of!
🔥 Act Fast – Limited to 50 Units!
Don’t miss the BEST RENOVATION DEAL in Singapore! 👉 𝐂𝐥𝐢𝐜𝐤 “𝐋𝐞𝐚𝐫𝐧 𝐌𝐨𝐫𝐞” to grab your FREE Design Proposal and start your Full House Makeover now!"
Chapter 13 Interior Design,5,773731885548644,Your Vietnam Chapter,24 Mar 2026,https://www.facebook.com/ads/library/?id=773731885548644,ad_screenshots/Chapter_13_Interior_Design_773731885548644.png,Chapter 13,"🤵‍♂️Start Your Vietnam Chapter With A Trusted Marriage Agency 👸 Help Serious Men To Build Meaningful, long-term marriage with Vietnamese women. Our process is personal, respectful, and guided — focused on real introductions, shared values, and long-term compatibility. No pressure, no promises, just sincere connections made the right way. If you’re ready to explore meaningful relationships beyond borders, we’re here to guide you every step of the journey. 📩 Message us to begin your chapter.👩‍❤️‍👨 * This service is strictly for legally single gentlemen seeking a serious marriage partner. Casual, inappropriate, or married enquiries will not be accepted.*"
Starry Homestead @ Boon Lay Way,1,4566546786946525,Starry Homestead,3 May 2026,https://www.facebook.com/ads/library/?id=4566546786946525,ad_screenshots/Starry_Homestead_Boon_Lay_Way_4566546786946525.png,Starry Homestead,"Inspired by Modern Italian aesthetics, where minimalism meets quiet luxury —
a harmonious blend of simplicity and refined complexity, thoughtfully expressed in every detail. ✨
-
Dakota One // Modern Contemporary
Designer: Hailey
#StarryHomestead #Singapore #InteriorDesign #Renovation #SGHomes #Sginteriordesign #Sginterior #hdbdesgin #condodesign #Sgrenovation #Homedecor #interior #Design #Singaporehomes #dreamhome #Homegoals #Renovationideas #Renovationinspiration #Interiorinspo #BTO #HDB #Condo #Modern #Scandinavian #Luxury #Minimalist #Contemporary #Livingroomdesign #Kitchendesgin #Bedroomdesign"
Starry Homestead @ Boon Lay Way,2,1694453355329409,Starry Homestead,4 May 2026,https://www.facebook.com/ads/library/?id=1694453355329409,ad_screenshots/Starry_Homestead_Boon_Lay_Way_1694453355329409.png,Starry Homestead,"BTO // Bartley Beacon
Style: Wabi-Sabi
Designer: Xiao Min
-
Book an appointment with us today:
☎️(65) 6778 6866 //📲(65) 8108 6866
📩enquiry@starryhomestead.com
🖥️
#StarryHomestead #InteriorDesign #Renovation #Singpore #SGHomes #BTO #HDB #Bartleybeacon #Wabisabi
Meta © 2026 |
This ad is from a URL link"
Taccuino Interior Studio,1,1706327680394666,Taccuino Interior Studio,5 May 2026,https://www.facebook.com/ads/library/?id=1706327680394666,ad_screenshots/Taccuino_Interior_Studio_1706327680394666.png,Taccuino Interior Studio,"A home is shaped by how you live in it. Not just in how it looks, but in how it holds your daily routines, your quiet moments, and everything in between. When a space is planned with intention, it feels grounded, comfortable, and built to last ✨ Our work is recognised by CaseTrust, Super Trust and SIDA — a reflection of both quality and trust. If you’re considering a renovation, reach out to us 💬 or WhatsApp +65 8668 1016. Let’s design a home that truly supports your way of living 🏠"
Taccuino Interior Studio,2,2231994434000373,Taccuino Interior Studio,5 May 2026,https://www.facebook.com/ads/library/?id=2231994434000373,ad_screenshots/Taccuino_Interior_Studio_2231994434000373.png,Taccuino Interior Studio,"A well-designed home does more than look good. It supports how you move, how you store, and how you live every day. Poor planning often leads to wasted space, limited functionality, and daily inconvenience. With the right approach, a space becomes more efficient, more practical, and easier to live in ✨ Our work is recognised by CaseTrust, Super Trust and SIDA — built on proven standards of design and trust. If you’re planning your renovation, get in touch with us 💬 or WhatsApp +65 8668 1016. Let’s create a space that works as well as it looks."
Taccuino Interior Studio,3,1440619907868699,Taccuino Interior Studio,9 May 2026 · Total active time 7 hrs,https://www.facebook.com/ads/library/?id=1440619907868699,ad_screenshots/Taccuino_Interior_Studio_1440619907868699.png,Taccuino Interior Studio,"#1 Does your home feel cluttered or inefficient in its layout? Many spaces look nice, but don’t actually work. With proper planning, your space can feel more organised, more functional, and easier to live in ✨ Our work is recognised by CaseTrust, Super Trust and SIDA — built on both design and trust. It’s not about spending more, it’s about planning it right from the start. If you’re planning your renovation, drop us a message 💬 or WhatsApp us at +65 8668 1016. Let’s see what works for your space🏠"
Taccuino Interior Studio,4,998958942657831,Taccuino Interior Studio,9 May 2026 · Total active time 7 hrs,https://www.facebook.com/ads/library/?id=998958942657831,ad_screenshots/Taccuino_Interior_Studio_998958942657831.png,Taccuino Interior Studio,"#2 Does your home feel cluttered or inefficient in its layout? Many spaces look nice, but don’t actually work. With proper planning, your space can feel more organised, more functional, and easier to live in ✨ Our work is recognised by CaseTrust, Super Trust and SIDA — built on both design and trust. It’s not about spending more, it’s about planning it right from the start. If you’re planning your renovation, drop us a message 💬 or WhatsApp us at +65 8668 1016. Let’s see what works for your space🏠"
Todz'Terior Pte Ltd,1,26335880606023873,Todz’Terior Pte Ltd,2 Mar 2026,https://www.facebook.com/ads/library/?id=26335880606023873,ad_screenshots/Todz_Terior_Pte_Ltd_26335880606023873.png,Todz'Terior Pte Ltd,"Renovate Your Commercial Space Without the Headache! Attention business owners — your workspace is part of your brand. Whether you're running a retail shop, office, clinic, or F&B outlet, your space directly affects customer perception, staff morale, and daily operations. We provide beautiful, functional commercial renovations — handled by a CaseTrust-accredited firm. ✅ 30+ completed projects ✅ Experienced designers across industries ✅ Efficient project timelines ✅ Able to handle small units to large spaces No unnecessary delays. No messy coordination. Just a smooth, professional renovation process from start to finish. Limited slots available. Enquire now."
Todz'Terior Pte Ltd,2,768114942998663,Todz’Terior Pte Ltd,23 Jan 2026,https://www.facebook.com/ads/library/?id=768114942998663,ad_screenshots/Todz_Terior_Pte_Ltd_768114942998663.png,Todz'Terior Pte Ltd,"BTO Renovation in 2026? Plan This Properly.
This is where most budgets quietly spiral, especially once carpentry and kitchen upgrades start adding up.💸
Todz'terior’s $7,111 NETT BTO Package is built to keep costs controlled without cutting quality.
✅ GST fully waived
✅ Essentials covered upfront
✅ No surprise add-ons later
What you get included: FREE Upgrades worth over $3,500
✅ Low-formaldehyde carpentry
✅ Soft-closing systems for all cabinets
Top up just $666 to unlock any of:
✅ 12ft kitchen cabinet (worth $2,550)
✅ 5ft full-height sliding wardrobe (worth $1,750)
✅ 7ft sintered stone countertop (worth $1,120)
✅ 5ft shoe cabinet (worth $1,500)
✅ 5ft casement wardrobe (worth $1,450)
Backed by a CaseTrust-accredited firm, this is one of the strongest value BTO packages available right now.✨
Only 20 New Year slots available.💨 Click below to redeem your package today!"
Todz'Terior Pte Ltd,3,1589001202237972,Todz’Terior Pte Ltd,8 Jan 2026,https://www.facebook.com/ads/library/?id=1589001202237972,ad_screenshots/Todz_Terior_Pte_Ltd_1589001202237972.png,Todz'Terior Pte Ltd,"Resale Home Renovation in 2026? Plan This Properly.
This is where most budgets quietly spiral, especially once carpentry and kitchen upgrades start adding up.💸
Tod’zterior’s $25,988 NETT Resale Package is built to keep costs controlled without cutting quality.
✅ GST fully waived
✅ Essentials covered upfront
✅ No surprise add-ons later
What you get included: FREE Upgrades worth over $3,500
✅ Low-formaldehyde carpentry
✅ Soft-closing systems for all cabinets
Top up just $666 to unlock a bundle worth $8,000+ 💰
✅ 12ft kitchen cabinet
✅ 5ft full-height sliding wardrobe
✅ 7ft sintered stone countertop
✅ 5ft shoe cabinet + 5ft casement wardrobe
Backed by a CaseTrust-accredited firm, this is one of the strongest value resale packages available right now.✨
Only 20 New Year slots available.💨 Click below to redeem your package today!"
Todz'Terior Pte Ltd,4,2154526215363336,Todz’Terior Pte Ltd,8 Jan 2026,https://www.facebook.com/ads/library/?id=2154526215363336,ad_screenshots/Todz_Terior_Pte_Ltd_2154526215363336.png,Todz'Terior Pte Ltd,"Resale Home Renovation in 2026? Plan This Properly.
This is where most budgets quietly spiral, especially once carpentry and kitchen upgrades start adding up.💸
Tod’zterior’s $25,988 NETT Resale Package is built to keep costs controlled without cutting quality.
✅ GST fully waived
✅ Essentials covered upfront
✅ No surprise add-ons later
What you get included: FREE Upgrades worth over $3,500
✅ Low-formaldehyde carpentry
✅ Soft-closing systems for all cabinets
Top up just $666 to unlock a bundle worth $8,000+ 💰
✅ 12ft kitchen cabinet
✅ 5ft full-height sliding wardrobe
✅ 7ft sintered stone countertop
✅ 5ft shoe cabinet + 5ft casement wardrobe
Backed by a CaseTrust-accredited firm, this is one of the strongest value resale packages available right now.✨
Only 20 New Year slots available.💨 Click below to redeem your package today!"
Todz'Terior Pte Ltd,5,1254267586688472,Todz’Terior Pte Ltd,23 Jan 2026,https://www.facebook.com/ads/library/?id=1254267586688472,ad_screenshots/Todz_Terior_Pte_Ltd_1254267586688472.png,Todz'Terior Pte Ltd,"BTO Renovation in 2026? Plan This Properly.
This is where most budgets quietly spiral, especially once carpentry and kitchen upgrades start adding up.💸
Todz'terior’s $7,111 NETT BTO Package is built to keep costs controlled without cutting quality.
✅ GST fully waived
✅ Essentials covered upfront
✅ No surprise add-ons later
What you get included: FREE Upgrades worth over $3,500
✅ Low-formaldehyde carpentry
✅ Soft-closing systems for all cabinets
Top up just $666 to unlock any of:
✅ 12ft kitchen cabinet (worth $2,550)
✅ 5ft full-height sliding wardrobe (worth $1,750)
✅ 7ft sintered stone countertop (worth $1,120)
✅ 5ft shoe cabinet (worth $1,500)
✅ 5ft casement wardrobe (worth $1,450)
Backed by a CaseTrust-accredited firm, this is one of the strongest value BTO packages available right now.✨
Only 20 New Year slots available.💨 Click below to redeem your package today!"
Todz'Terior Pte Ltd,6,1198921301796324,Todz’Terior Pte Ltd,8 Jan 2026,https://www.facebook.com/ads/library/?id=1198921301796324,ad_screenshots/Todz_Terior_Pte_Ltd_1198921301796324.png,Todz'Terior Pte Ltd,"Resale Home Renovation in 2026? Plan This Properly.
This is where most budgets quietly spiral, especially once carpentry and kitchen upgrades start adding up.💸
Tod’zterior’s $25,988 NETT Resale Package is built to keep costs controlled without cutting quality.
✅ GST fully waived
✅ Essentials covered upfront
✅ No surprise add-ons later
What you get included: FREE Upgrades worth over $3,500
✅ Low-formaldehyde carpentry
✅ Soft-closing systems for all cabinets
Top up just $666 to unlock a bundle worth $8,000+ 💰
✅ 12ft kitchen cabinet
✅ 5ft full-height sliding wardrobe
✅ 7ft sintered stone countertop
✅ 5ft shoe cabinet + 5ft casement wardrobe
Backed by a CaseTrust-accredited firm, this is one of the strongest value resale packages available right now.✨
Only 20 New Year slots available.💨 Click below to redeem your package today!"
Mr Designer Studio,1,1602744604079818,Mr. Designer Studio Singapore,27 Jan 2026,https://www.facebook.com/ads/library/?id=1602744604079818,ad_screenshots/Mr_Designer_Studio_1602744604079818.png,Mr Designer Studio,"Build your dream home with the beauty of Wabi-Sabi. A top-ranked studio on Qanvast, we create stunning and functional spaces that maximise your HDB's potential. Let our expert designers transform your house into a home. ✨ Our award-winning design team specialises in creating serene and soulful spaces that embrace the art of imperfection. Contact us today for a complimentary consultation. ☑️ CaseTrust Accredited ☑️ Bizsafe 3 certificate ☑️ HDB Approved Contractor ☑️ Qanvast Supertrust Top 10 Companies (2023-2026) ☑️ Home Trust Top 20 Designers (2023-2026) ☑️ Over 20 creative and experienced IDs ☑️ 5 years warranty after sales service 🎨 Designer of choice for Nippon Paint 🛠️ Designer of choice for Excel Hardware"
Mr Designer Studio,2,1483230840050534,Mr. Designer Studio Singapore,3 Feb 2026,https://www.facebook.com/ads/library/?id=1483230840050534,ad_screenshots/Mr_Designer_Studio_1483230840050534.png,Mr Designer Studio,"Build your dream home with the beauty of Wabi-Sabi. A top-ranked studio on Qanvast, we create stunning and functional spaces that maximise your HDB's potential. Let our expert designers transform your house into a home. ✨ Our award-winning design team specialises in creating serene and soulful spaces that embrace the art of imperfection. Contact us today for a complimentary consultation. ☑️ CaseTrust Accredited ☑️ Bizsafe 3 certificate ☑️ HDB Approved Contractor ☑️ Qanvast Supertrust Top 10 Companies (2023-2026) ☑️ Home Trust Top 20 Designers (2023-2026) ☑️ Over 20 creative and experienced IDs ☑️ 5 years warranty after sales service 🎨 Designer of choice for Nippon Paint 🛠️ Designer of choice for Excel Hardware"
Reborn Interior Pte. Ltd.,1,1716960768944979,Reborn Interior,12 Oct 2025,https://www.facebook.com/ads/library/?id=1716960768944979,ad_screenshots/Reborn_Interior_Pte_Ltd_1716960768944979.png,Reborn Interior . .,"🏠 Renovating your home and tired of IDs who don't understand your vision? Afraid of hidden costs, project delays, or IDs who disappear mid-renovation? At Reborn Interior, we guarantee that none of these nightmares will happen. ✅ Transparent pricing - no hidden costs, ever ✅ Zero project delays - finished on schedule, every time ✅ 10,000+ completed projects - experienced & CASETrust accredited ✅ Up to 5 years warranty - we stand behind our work ✅ Personalised designs - your story, not cookie-cutter templates PLUS we're trusted by local celebrities and have hundreds of 5-star reviews! Don't let your biggest investment become your biggest stress. Click below to book your consultation and discover why Singapore homeowners choose Reborn Interior for peace of mind renovations! 🔨✨"
Reborn Interior Pte. Ltd.,2,1452721983176086,Reborn Interior,14 Feb 2026,https://www.facebook.com/ads/library/?id=1452721983176086,ad_screenshots/Reborn_Interior_Pte_Ltd_1452721983176086.png,Reborn Interior . .,"Renovation budget under $30k?
""Sorry, your budget is too low for what you're looking for..."", then proceeds to ghost you after the first meeting.
😤 Heard this before? We call BS.
At Reborn Interior, we DON'T:
❌ Judge you based on budget size
❌ Push you to unnecessary upgrades
❌ Give you ""2nd class"" service for smaller budgets
What you GET regardless of budget:
✅ Fully customised package and design
✅ Same 5-star personalised service
✅ Full transparency - itemised quotations
✅ Same warranty coverage & protection
✅ Value-for-money material recommendations
Our promise:
We work WITH your budget, not against it.
→ Customised package based on your budget
→ Strategic planning to maximise every dollar
→ No hidden costs or surprise charges
Your dream home doesn't need a dream budget. Just the right partner.
Click below to book a free design consultation and let's build your dream home together!"
Reborn Interior Pte. Ltd.,3,1987548481996696,Reborn Interior,3 Oct 2025,https://www.facebook.com/ads/library/?id=1987548481996696,ad_screenshots/Reborn_Interior_Pte_Ltd_1987548481996696.png,Reborn Interior . .,"🏠 Renovating your home and tired of IDs who don't understand your vision? Afraid of hidden costs, project delays, or IDs who disappear mid-renovation? At Reborn Interior, we guarantee that none of these nightmares will happen. ✅ Transparent pricing - no hidden costs, ever ✅ Zero project delays - finished on schedule, every time ✅ 10,000+ completed projects - experienced & CASETrust accredited ✅ Up to 5 years warranty - we stand behind our work ✅ Personalised designs - your story, not cookie-cutter templates PLUS we're trusted by local celebrities and have hundreds of 5-star reviews! Don't let your biggest investment become your biggest stress. Click below to book your consultation and discover why Singapore homeowners choose Reborn Interior for peace of mind renovations! 🔨✨"
Reborn Interior Pte. Ltd.,4,2162352101235479,Reborn Interior,10 Mar 2026,https://www.facebook.com/ads/library/?id=2162352101235479,ad_screenshots/Reborn_Interior_Pte_Ltd_2162352101235479.png,Reborn Interior . .,"📢 𝗪𝗘 𝗔𝗥𝗘 𝗛𝗜𝗥𝗜𝗡𝗚 📢
✨ Build Beautiful Homes. Build Your Career. ✨
Ready to turn your passion for design into a fulfilling career? If creating meaningful spaces excites you, we’d love to meet you 🏡✨
Reborn Interior is expanding, and we’re looking for driven, creative individuals who love:
•⁠ ⁠Working closely with homeowners 🤝
•⁠ ⁠Designing functional, thoughtful spaces
•⁠ ⁠Turning ideas into personalised homes ✨
Be part of an award-winning interior design team where creativity, growth, and collaboration are valued.
📩 Ready to take the leap?
Send us a message* and let’s start the conversation.
*𝗙𝘂𝗹𝗹-𝘁𝗶𝗺𝗲 𝗿𝗼𝗹𝗲 𝗳𝗼𝗿 𝗦𝗚 𝗖𝗶𝘁𝗶𝘇𝗲𝗻𝘀 / 𝗣𝗥 𝗼𝗻𝗹𝘆
📝 𝗧𝗼 𝗔𝗽𝗽𝗹𝘆, 𝘀𝗲𝗻𝗱 𝗶𝗻 𝘆𝗼𝘂𝗿 𝗿𝗲𝘀𝘂𝗺𝗲 𝗮𝘁:
📲 Drop us a message at 8117 0774
💻 DM on FB / IG / TT
✉ reborninteriorsg@gmail.com
📌 𝗠𝗼𝗿𝗲 𝗔𝗯𝗼𝘂𝘁 𝗥𝗲𝗯𝗼𝗿𝗻 𝗜𝗻𝘁𝗲𝗿𝗶𝗼𝗿:
✅ 5 Years Warranty
✅ Free Consultation
✅ Free Quotation
🏆 𝗥𝗲𝗯𝗼𝗿𝗻 𝗜𝗻𝘁𝗲𝗿𝗶𝗼𝗿 𝗔𝘄𝗮𝗿𝗱𝘀
🌟Prestige 100 Award
🌟Top Business Service and Quality Award 2025/2026
🌟CaseTrust
🌟ISO9001
🌟ISO45001
🌟Bizsafe Star
#Reborninterior #Interiordesignsg #Renovationsg #Sghomes #装修 #renovation #fyp #home #hdbrenovation #housegoals #lifestyle #singapore #residential #sgreno #hdb #designer #hdb #Sghomes #uchifysg #houseofsingapore #lookboxliving #lookboxannual #lookboxdesignawards #casetrust"
Reborn Interior Pte. Ltd.,5,1311361110876328,Reborn Interior,29 Apr 2026,https://www.facebook.com/ads/library/?id=1311361110876328,ad_screenshots/Reborn_Interior_Pte_Ltd_1311361110876328.png,Reborn Interior . .,"📲 𝗬𝗼𝘂𝗿 $𝟱𝟬𝗞 𝗥𝗲𝗻𝗼𝘃𝗮𝘁𝗶𝗼𝗻 𝗶𝘀 𝗷𝘂𝘀𝘁 𝗮 𝗰𝗹𝗶𝗰𝗸 𝗮𝘄𝗮𝘆.
Yes, you read that right, $𝟱𝟬𝗞 𝗔𝗹𝗹-𝗜𝗻.
Is it a dream? Or just Reborn Interior? 🏠✨
❌ No cheap materials.
❌ No hidden fees.
✅ Free Quotation
✅ Free Consultation
All you have to do is bring:
1.⁠ ⁠Floorplan 📝
2.⁠ ⁠Budget 💰
3.⁠ ⁠Theme in mind 💡
And let us handle the rest! 👇
𝗕𝗿𝗶𝗻𝗴 𝘆𝗼𝘂𝗿 𝘃𝗶𝘀𝗶𝗼𝗻𝘀 𝘁𝗼 𝗹𝗶𝗳𝗲 𝘄𝗶𝘁𝗵 𝗥𝗲𝗯𝗼𝗿𝗻 𝗜𝗻𝘁𝗲𝗿𝗶𝗼𝗿 𝗧𝗼𝗱𝗮𝘆:
📲 ‪WhatsApp: ‪‪‪
‬‬‬
💻 DM on FB / IG / TT
✉ reborninteriorsg@gmail.com
📌 𝗠𝗼𝗿𝗲 𝗔𝗯𝗼𝘂𝘁 𝗥𝗲𝗯𝗼𝗿𝗻 𝗜𝗻𝘁𝗲𝗿𝗶𝗼𝗿:
✅ 5 Years Warranty
🏆 𝗥𝗲𝗯𝗼𝗿𝗻 𝗜𝗻𝘁𝗲𝗿𝗶𝗼𝗿 𝗔𝘄𝗮𝗿𝗱𝘀
🌟Prestige 100 Award
🌟Top Business Service and Quality Award 2025/2026
🌟CaseTrust
🌟ISO9001
🌟ISO45001
🌟Bizsafe Star
🌟HDB Registered
#Reborninterior #Interiordesignsg #Renovationsg #Sghomes #装修 #renovation #fyp #home #hdbrenovation #housegoals #lifestyle #singapore #residential #sgreno #hdb #designer #hdb #Sghomes #uchifysg #houseofsingapore #lookboxliving #lookboxannual #lookboxdesignawards #casetrust"
Reborn Interior Pte. Ltd.,6,1136056125348717,Reborn Interior,20 Oct 2025,https://www.facebook.com/ads/library/?id=1136056125348717,ad_screenshots/Reborn_Interior_Pte_Ltd_1136056125348717.png,Reborn Interior . .,"🏠 Renovating your home and tired of IDs who don't understand your vision? Afraid of hidden costs, project delays, or IDs who disappear mid-renovation? At Reborn Interior, we guarantee that none of these nightmares will happen. ✅ Transparent pricing - no hidden costs, ever ✅ Zero project delays - finished on schedule, every time ✅ 10,000+ completed projects - experienced & CASETrust accredited ✅ Up to 5 years warranty - we stand behind our work ✅ Personalised designs - your story, not cookie-cutter templates PLUS we're trusted by local celebrities and have hundreds of 5-star reviews! Don't let your biggest investment become your biggest stress. Click below to book your consultation and discover why Singapore homeowners choose Reborn Interior for peace of mind renovations! 🔨✨"
Reborn Interior Pte. Ltd.,7,790961707048533,Reborn Interior,22 Oct 2025,https://www.facebook.com/ads/library/?id=790961707048533,ad_screenshots/Reborn_Interior_Pte_Ltd_790961707048533.png,Reborn Interior . .,"🏠 Renovating your home and tired of IDs who don't understand your vision? Afraid of hidden costs, project delays, or IDs who disappear mid-renovation? At Reborn Interior, we guarantee that none of these nightmares will happen. ✅ Transparent pricing - no hidden costs, ever ✅ Zero project delays - finished on schedule, every time ✅ 10,000+ completed projects - experienced & CASETrust accredited ✅ Up to 5 years warranty - we stand behind our work ✅ Personalised designs - your story, not cookie-cutter templates PLUS we're trusted by local celebrities and have hundreds of 5-star reviews! Don't let your biggest investment become your biggest stress. Click below to book your consultation and discover why Singapore homeowners choose Reborn Interior for peace of mind renovations! 🔨✨"
Reborn Interior Pte. Ltd.,8,1480909083584947,Reborn Interior,22 Apr 2026,https://www.facebook.com/ads/library/?id=1480909083584947,ad_screenshots/Reborn_Interior_Pte_Ltd_1480909083584947.png,Reborn Interior . .,"Have you ever heard of 𝗜𝗗 𝘀𝗰𝗮𝗺𝘀? 🤔
🗣️ Today our founder Hengky explains that these scams are more commonplace than you think!
Watch on to find out the common red flags 🚩 and tips ✍️to take note of to protect your big financial investment during renovations 🛡️
👇 To avoid such occrurences during your search for an ID, drop us a message and let’s create something special together!
𝗕𝗿𝗶𝗻𝗴 𝘆𝗼𝘂𝗿 𝘃𝗶𝘀𝗶𝗼𝗻𝘀 𝘁𝗼 𝗹𝗶𝗳𝗲 𝘄𝗶𝘁𝗵 𝗥𝗲𝗯𝗼𝗿𝗻 𝗜𝗻𝘁𝗲𝗿𝗶𝗼𝗿 𝗧𝗼𝗱𝗮𝘆:
📲 ‪WhatsApp: ‪‪‪
‬‬‬
💻 DM on FB / IG / TT
✉ reborninteriorsg@gmail.com
📌 𝗠𝗼𝗿𝗲 𝗔𝗯𝗼𝘂𝘁 𝗥𝗲𝗯𝗼𝗿𝗻 𝗜𝗻𝘁𝗲𝗿𝗶𝗼𝗿:
✅ 5 Years Warranty
✅ Free Consultation
✅ Free Quotation
🏆 𝗥𝗲𝗯𝗼𝗿𝗻 𝗜𝗻𝘁𝗲𝗿𝗶𝗼𝗿 𝗔𝘄𝗮𝗿𝗱𝘀
🌟Prestige 100 Award
🌟Top Business Service and Quality Award 2025/2026
🌟CaseTrust
🌟ISO9001
🌟ISO45001
🌟Bizsafe Star
🌟HDB Registered"
Reborn Interior Pte. Ltd.,9,847572487941510,Reborn Interior,5 Oct 2025,https://www.facebook.com/ads/library/?id=847572487941510,ad_screenshots/Reborn_Interior_Pte_Ltd_847572487941510.png,Reborn Interior . .,"🏠 Renovating your home and tired of IDs who don't understand your vision? Afraid of hidden costs, project delays, or IDs who disappear mid-renovation? At Reborn Interior, we guarantee that none of these nightmares will happen. ✅ Transparent pricing - no hidden costs, ever ✅ Zero project delays - finished on schedule, every time ✅ 10,000+ completed projects - experienced & CASETrust accredited ✅ Up to 5 years warranty - we stand behind our work ✅ Personalised designs - your story, not cookie-cutter templates PLUS we're trusted by local celebrities and have hundreds of 5-star reviews! Don't let your biggest investment become your biggest stress. Click below to book your consultation and discover why Singapore homeowners choose Reborn Interior for peace of mind renovations! 🔨✨"
Posh Living Interior Design Pte Ltd,1,960813270006043,Posh Living Interior Design Pte Ltd,7 May 2026,https://www.facebook.com/ads/library/?id=960813270006043,ad_screenshots/Posh_Living_Interior_Design_Pte_Ltd_960813270006043.png,Posh Living Interior Design Pte Ltd,Advice • Design • Styling Casetrust-RCMA Accreditated Interior Design Firm
Hamid & Sons Interior Design,1,967251962350886,Hamid & Sons Interior Design,27 Apr 2026,https://www.facebook.com/ads/library/?id=967251962350886,ad_screenshots/Hamid_Sons_Interior_Design_967251962350886.png,Hamid & Sons Interior Design,"Exclusively during this weekend, step into where it all begins 🏠
Experience the making of your home inside our very own factory, where every detail is crafted with precision and care
📅 𝐃𝐚𝐭𝐞: 𝟎𝟗 & 𝟏𝟎 𝐌𝐚𝐲 𝟐𝟎𝟐𝟔
📍 𝐋𝐨𝐜𝐚𝐭𝐢𝐨𝐧: 𝟏𝟖 𝐌𝐚𝐫𝐬𝐢𝐥𝐢𝐧𝐠 𝐈𝐧𝐝𝐮𝐬𝐭𝐫𝐢𝐚𝐥 𝐄𝐬𝐭𝐚𝐭𝐞 𝐑𝐨𝐚𝐝 𝟗
✨ 𝐋𝐢𝐧𝐤 𝐭𝐨 𝐛𝐨𝐨𝐤:
As one of the few in Singapore with a fully owned carpentry factory, we offer you a rare look into true, in-house craftsmanship"
Hamid & Sons Interior Design,2,1690133669007904,Hamid & Sons Interior Design,28 Apr 2026,https://www.facebook.com/ads/library/?id=1690133669007904,ad_screenshots/Hamid_Sons_Interior_Design_1690133669007904.png,Hamid & Sons Interior Design,"A touch of Morocco, right at home ❤
Bringing together intricate patterned backsplash tiles with clean white shaker cabinetry creating a balance of character and functionality
Every detail from the generous countertop to the seamless cabinetry ensures both beauty and everyday functionality
📌 Location: 131 Geylang
👤 Designer: Kartini (Joo Chiat Branch)
🏠 Carpenter: Mohsin
#rumahcantik #hamidnsons #interiordesign #homeinterior"
Hamid & Sons Interior Design,3,960026979719995,Hamid & Sons Interior Design,20 Apr 2026,https://www.facebook.com/ads/library/?id=960026979719995,ad_screenshots/Hamid_Sons_Interior_Design_960026979719995.png,Hamid & Sons Interior Design,"One of the most common questions homeowners ask us is ""How does the payment actually work?"" 🤔
Instead of paying everything upfront, payments are broken down into key stages. Every step is tied to actual progress on site, so you always know what you’re paying for.
Why Hamidnsons?
✨ Proudly serving homeowners for 37 years
✨ Expert in-house team, no outsourcing
✨ Seamless renovation journey from start to finish
✨ Quality workmanship that stands the test of time
#hamidnsons #interiordesign #rumahcantik #homeinterior"
Hamid & Sons Interior Design,4,2169093540571685,Hamid & Sons Interior Design,28 Apr 2026,https://www.facebook.com/ads/library/?id=2169093540571685,ad_screenshots/Hamid_Sons_Interior_Design_2169093540571685.png,Hamid & Sons Interior Design,"Talking Point episode is finally out! We are grateful to be featured on CNA together with our Associate Director, Dragon to share insights on formaldehyde in wood
A feature like this isn’t just exposure but it’s a reflection of the trust and credibility we bring to every home we build because choosing the right interior designer isn’t just about design, it’s about who you can trust with your home
Being part of this conversation reflects what we stand for at Hamidnsons, putting homeowners’ safety, material quality and long-term living first
💌 Watch full episode here:"
Hamid & Sons Interior Design,5,1658818295536551,Hamid & Sons Interior Design,20 Apr 2026,https://www.facebook.com/ads/library/?id=1658818295536551,ad_screenshots/Hamid_Sons_Interior_Design_1658818295536551_capture_timeout.svg,Hamid & Sons Interior Design,"𝐌𝐚𝐬𝐭𝐞𝐫𝐜𝐥𝐚𝐬𝐬 𝐱 𝐋𝐲𝐧: 𝟔𝟔𝟏 𝐘𝐢𝐬𝐡𝐮𝐧 ✨
Our Masterclass takes you through the details of this project with intention and clarity. It is an in depth sharing by our designer, revealing the thinking behind the space, the challenges they navigated and how each solution came together to form a home that truly works.
At Hamidnsons, we believe good design goes beyond what you see. It is about creating a home that feels right, lives well and lasts 🤍
📌 Location: 661 Yishun"
Hamid & Sons Interior Design,6,2228299324576932,Hamid & Sons Interior Design,3 May 2026,https://www.facebook.com/ads/library/?id=2228299324576932,ad_screenshots/Hamid_Sons_Interior_Design_2228299324576932_capture_timeout.svg,Hamid & Sons Interior Design,"A home reimagined in every sense ✨
This full home overhaul brings together thoughtful design and extensive carpentry to create a space that feels seamless from end to end. Every built in, every finish and every detail was made to elevate both form and function.
👤 Senior Designer: Dragon (Marsiling Branch)
📌 Location: 493 Admiralty Link
🏠 Carpenter: Milon
#hamidnsons #rumahcantik #homeinterior #interiordesign"
Hamid & Sons Interior Design,7,1493770259039302,Hamid & Sons Interior Design,28 Apr 2026,https://www.facebook.com/ads/library/?id=1493770259039302,ad_screenshots/Hamid_Sons_Interior_Design_1493770259039302_capture_timeout.svg,Hamid & Sons Interior Design,"Inspired by Moroccan elements, this home reflects not just a style but a collaborative journey. Through constant updates, detailed planning and dedicated workmanship, we delivered their dream kitchen 💌
👤 Designer: Kartini (Joo Chiat Branch)
🏠 Carpenter: Mohsin
𝐁𝐨𝐨𝐤 𝐲𝐨𝐮𝐫 𝐍𝐨-𝐨𝐛𝐥𝐢𝐠𝐚𝐭𝐢𝐨𝐧 𝐜𝐨𝐧𝐬𝐮𝐥𝐭𝐚𝐭𝐢𝐨𝐧 𝐭𝐨𝐝𝐚𝐲!
📩 Self appointment:
📞 Call us at +65 8784 8633
⭐
#hamidnsons #interiordesign #homeinterior #rumahcantik"
Hamid & Sons Interior Design,8,799844896329582,Hamid & Sons Interior Design,5 May 2026,https://www.facebook.com/ads/library/?id=799844896329582,ad_screenshots/Hamid_Sons_Interior_Design_799844896329582_capture_timeout.svg,Hamid & Sons Interior Design,"Building a home goes beyond design, it’s about trust, reliability and the relationship you build along the way 💌
Hearing our homeowners share their experience with our associate director, Dragon shows that while design matters, strong communication are what truly bring a home to life
Visit his profile:"
Hamid & Sons Interior Design,9,1481588786855220,Hamid & Sons Interior Design,20 Apr 2026,https://www.facebook.com/ads/library/?id=1481588786855220,ad_screenshots/Hamid_Sons_Interior_Design_1481588786855220_capture_timeout.svg,Hamid & Sons Interior Design,"Every home should feel like a place you can exhale ☁️
This 4 room resale now holds their routines, rest and everyday moments. Thank you for trusting us with your home story!
Senior Designer: Thomas (Marsiling Branch)"
Hamid & Sons Interior Design,10,808026709044544,Hamid & Sons Interior Design,20 Apr 2026,https://www.facebook.com/ads/library/?id=808026709044544,ad_screenshots/Hamid_Sons_Interior_Design_808026709044544_capture_timeout.svg,Hamid & Sons Interior Design,"Let's talk colors 🧐 Burnt orange kitchen cabinets add a pop of earthy color, creating instant warmth and character paired with intricately patterned backsplash tiles Subtle contrasts, warm lighting, and reflective metallic finishes — ties everything together, making the space both functional and full of personality Love what you see? DM us today to start your journey!"
U-Home Interior Design Pte Ltd,1,1165510370866950,Dompet Dhuafa,29 Apr 2022,https://www.facebook.com/ads/library/?id=1165510370866950,ad_screenshots/U_Home_Interior_Design_Pte_Ltd_1165510370866950_capture_timeout.svg,U,"5 Perbedaan Zakat Mal dan Zakat Fitrah yang Wajib Diketahui
Ada dua kategori zakat, yaitu mal dan fitrah. Keduanya sama-sama wajib dilakukan oleh umat Islam dalam menjalani rukun islam keempat. Meskipun begitu, terdapat beberapa perbedaan yang harus diperhatikan supaya niat dan hitungannya benar.
Apa saja, ya? Yuk temukan jawaban selengkapnya di tautan:"
U-Home Interior Design Pte Ltd,2,4240209306251706,Tira Beauty,10 Mar 2026,https://www.facebook.com/ads/library/?id=4240209306251706,ad_screenshots/U_Home_Interior_Design_Pte_Ltd_4240209306251706_capture_timeout.svg,U,No visible primary ad copy found on the Ads Library detail page.
U-Home Interior Design Pte Ltd,3,705718344059255,SANA.insure,6 Jul 2022,https://www.facebook.com/ads/library/?id=705718344059255,ad_screenshots/U_Home_Interior_Design_Pte_Ltd_705718344059255_capture_timeout.svg,U,No visible primary ad copy found on the Ads Library detail page.
U-Home Interior Design Pte Ltd,4,1780534315932805,The Mattress Boutique,20 Nov 2025,https://www.facebook.com/ads/library/?id=1780534315932805,ad_screenshots/U_Home_Interior_Design_Pte_Ltd_1780534315932805_capture_timeout.svg,U,No visible primary ad copy found on the Ads Library detail page.
U-Home Interior Design Pte Ltd,5,1240027584491006,Udemy,5 Jun 2025,https://www.facebook.com/ads/library/?id=1240027584491006,ad_screenshots/U_Home_Interior_Design_Pte_Ltd_1240027584491006_capture_timeout.svg,U,No visible primary ad copy found on the Ads Library detail page.
U-Home Interior Design Pte Ltd,6,759253430048175,Apps-4-U,19 Aug 2025,https://www.facebook.com/ads/library/?id=759253430048175,ad_screenshots/U_Home_Interior_Design_Pte_Ltd_759253430048175_capture_timeout.svg,U,No visible primary ad copy found on the Ads Library detail page.
U-Home Interior Design Pte Ltd,7,1133114898718814,Windscreen2U,20 Aug 2025,https://www.facebook.com/ads/library/?id=1133114898718814,ad_screenshots/U_Home_Interior_Design_Pte_Ltd_1133114898718814_capture_timeout.svg,U,No visible primary ad copy found on the Ads Library detail page.
U-Home Interior Design Pte Ltd,8,1023529979936473,Trackunit,8 Jul 2025,https://www.facebook.com/ads/library/?id=1023529979936473,ad_screenshots/U_Home_Interior_Design_Pte_Ltd_1023529979936473_capture_timeout.svg,U,"Trackunit’s telematics system give you instant insight into every machine’s location, usage, and health. ✅ Track assets. Predict downtime. Make smarter decisions Perfect for fleet owners, contractors & rental See what smart telematics looks like."
In-Expat,1,942404395455783,Expat Women - Connect & Grow,26 Apr 2026,https://www.facebook.com/ads/library/?id=942404395455783,ad_screenshots/In_Expat_942404395455783_capture_timeout.svg,In-Expat,"You didn't move abroad to disappear. But between the logistics, the loneliness, and the endless adapting, a lot of women do. The Lead From Within Guide is free. It's for expat women who are ready to find their footing again. Download your guide below."
In-Expat,2,1672006444113230,Expat.com,5 May 2026,https://www.facebook.com/ads/library/?id=1672006444113230,ad_screenshots/In_Expat_1672006444113230_capture_timeout.svg,In-Expat,No visible primary ad copy found on the Ads Library detail page.
In-Expat,3,921393494267041,Expat.com,5 May 2026,https://www.facebook.com/ads/library/?id=921393494267041,ad_screenshots/In_Expat_921393494267041_capture_timeout.svg,In-Expat,No visible primary ad copy found on the Ads Library detail page.
In-Expat,4,1634463743908342,Tabletalk Magazine,17 Jul 2025,https://www.facebook.com/ads/library/?id=1634463743908342,ad_screenshots/In_Expat_1634463743908342_capture_timeout.svg,In,The Spirit shines on the face of Christ; the Son leads us to the Father. Thus we begin to know more fully the One who has brought us to know God. —Sinclair Ferguson Read the full article now on TabletalkMagazine.com.
In-Expat,5,654129690879398,Rolf Sorg PM International,12 Oct 2025,https://www.facebook.com/ads/library/?id=654129690879398,ad_screenshots/In_Expat_654129690879398_capture_timeout.svg,In,No visible primary ad copy found on the Ads Library detail page.
In-Expat,6,1741733079800029,Creative.Lighting,23 Jul 2025,https://www.facebook.com/ads/library/?id=1741733079800029,ad_screenshots/In_Expat_1741733079800029_capture_timeout.svg,In,夢の宇宙を投影する🪐 ✔️ 13種類のプロジェクションモチーフを含む ✔️ 内蔵タイマー機能 ✔️ どの部屋でも宇宙に変える ⚜️50%オフセール終了間近⚜️
In-Expat,7,1558401832204609,Tabletalk Magazine,17 Jul 2025,https://www.facebook.com/ads/library/?id=1558401832204609,ad_screenshots/In_Expat_1558401832204609_capture_timeout.svg,In,Christians need a whole new perspective regarding how to advance the cause of Christ and speak for Christ in this new world. —W. Robert Godfrey Read the full article now on TabletalkMagazine.com.
In-Expat,8,1281572256821970,Ligonier Ministries,1 Jul 2025,https://www.facebook.com/ads/library/?id=1281572256821970,ad_screenshots/In_Expat_1281572256821970_capture_timeout.svg,In,Christian maturity is pictured for us in the Lord Jesus. It is by being conformed to Him that we become mature and fruitful. —Donald MacLean Read the full article now on Ligonier.org.
In-Expat,9,936857898783325,ITCPE-International Textile Clothing Printing Expo,5 Feb 2026,https://www.facebook.com/ads/library/?id=936857898783325,ad_screenshots/In_Expat_936857898783325_capture_timeout.svg,In,No visible primary ad copy found on the Ads Library detail page.
In-Expat,10,1087189936149764,IBMI - International Business Management Institute,30 Oct 2024,https://www.facebook.com/ads/library/?id=1087189936149764,ad_screenshots/In_Expat_1087189936149764_capture_timeout.svg,In,No visible primary ad copy found on the Ads Library detail page.
Spacious Planners Pte. Ltd.,1,1280188120997104,Spacious Planners,8 May 2026,https://www.facebook.com/ads/library/?id=1280188120997104,ad_screenshots/Spacious_Planners_Pte_Ltd_1280188120997104_capture_timeout.svg,Spacious Planners . .,No visible primary ad copy found on the Ads Library detail page.
Spacious Planners Pte. Ltd.,2,1984591402144376,Spacious Planners,7 May 2026,https://www.facebook.com/ads/library/?id=1984591402144376,ad_screenshots/Spacious_Planners_Pte_Ltd_1984591402144376_capture_timeout.svg,Spacious Planners . .,No visible primary ad copy found on the Ads Library detail page.
Spacious Planners Pte. Ltd.,3,4505576993064865,Spacious Planners,7 May 2026,https://www.facebook.com/ads/library/?id=4505576993064865,ad_screenshots/Spacious_Planners_Pte_Ltd_4505576993064865_capture_timeout.svg,Spacious Planners . .,"Small Space, Big Style! Step inside our stunning studio apartment where function meets fashion. Custom cabinetry, clever layout & plenty of natural light. Can you maximize a small space without sacrificing style? Watch the full walkthrough to find out!"
Spacious Planners Pte. Ltd.,4,1671441227224770,Spacious Planners,7 May 2026,https://www.facebook.com/ads/library/?id=1671441227224770,ad_screenshots/Spacious_Planners_Pte_Ltd_1671441227224770_capture_timeout.svg,Spacious Planners . .,Ready to explore this beautiful home with us? Get ready to see the unique features and thoughtfully designed spaces that make it so special. What will be your favorite part? Let's find out on this Home Tour! Reach out if you have questions about this home design & renovation project 💁‍♀️
Spacious Planners Pte. Ltd.,5,977821801358822,Spacious Planners,7 May 2026,https://www.facebook.com/ads/library/?id=977821801358822,ad_screenshots/Spacious_Planners_Pte_Ltd_977821801358822_capture_timeout.svg,Spacious Planners . .,"Get ready to fall in love with Japandi style! 🏠 Our latest renovation combines a stunning living hall, kitchen & laundry area for the ultimate open-plan experience. Ready to renovate your dream home? Let's chat! ✨"
Spacious Planners Pte. Ltd.,6,1614839883082104,Spacious Planners,7 May 2026,https://www.facebook.com/ads/library/?id=1614839883082104,ad_screenshots/Spacious_Planners_Pte_Ltd_1614839883082104_capture_timeout.svg,Spacious Planners . .,"Ready for a Home Tour? ✨ Step inside our latest completed project at Clavon Residences, a modern sanctuary where every corner is designed for style and function. Watch the full tour now!"
Spacious Planners Pte. Ltd.,7,3530255680456934,Spacious Planners,7 May 2026,https://www.facebook.com/ads/library/?id=3530255680456934,ad_screenshots/Spacious_Planners_Pte_Ltd_3530255680456934_capture_timeout.svg,Spacious Planners . .,"Thinking about renovating your condo in 2026? The earlier you start planning, the better your outcome. Most families who come to us wish they'd started the conversation sooner. Spacious Planners offers a complimentary first consultation — no commitment, no pressure. Just honest planning from a team that's been doing this for 22 years. Browse our condo projects and start your journey today."
Spacious Planners Pte. Ltd.,8,996751192692027,Spacious Planners,7 May 2026,https://www.facebook.com/ads/library/?id=996751192692027,ad_screenshots/Spacious_Planners_Pte_Ltd_996751192692027_capture_timeout.svg,Spacious Planners . .,No visible primary ad copy found on the Ads Library detail page.
Spacious Planners Pte. Ltd.,9,1876718892957140,Spacious Planners,7 May 2026,https://www.facebook.com/ads/library/?id=1876718892957140,ad_screenshots/Spacious_Planners_Pte_Ltd_1876718892957140_capture_timeout.svg,Spacious Planners . .,"Get ready to fall in love with Japandi style! 🏠 Our latest renovation combines a stunning living hall, kitchen & laundry area for the ultimate open-plan experience. Ready to renovate your dream home? Let's chat! ✨"
Yang's Inspiration Design,1,914933928095187,Yang's Inspiration Design,2 Mar 2026,https://www.facebook.com/ads/library/?id=914933928095187,ad_screenshots/Yang_s_Inspiration_Design_914933928095187.png,advertiser:@yangsinspirationdesign,No visible primary ad copy found on the Ads Library detail page.
AC Vision Design,1,2622597784863841,AC Vision Design Pte Ltd,16 Apr 2026,https://www.facebook.com/ads/library/?id=2622597784863841,ad_screenshots/AC_Vision_Design_2622597784863841.png,advertiser:@acvisiondesign,想做设计，但又想赚钱？ 这个机会你一定要看看 👇 Sales Designer 销售设计师 招募中 不需要经验，我们提供完整培训 从零开始，也能一步步带你上手 如果你想要的是： ✔ 会设计 + 会赚钱 ✔ 有团队带，不怕不会 ✔ 收入有突破空间 那这个职位，很适合你 💰 收入：$6000 – $8000 📍 工作地点：新加坡 🌏 开放申请：新加坡 & 马来西亚 机会不多，错过就没了 👉 现在就WhatsApp 了解更多
AC Vision Design,2,1262494499425426,AC Vision Design Pte Ltd,6 May 2026,https://www.facebook.com/ads/library/?id=1262494499425426,ad_screenshots/AC_Vision_Design_1262494499425426.png,advertiser:@acvisiondesign,No visible primary ad copy found on the Ads Library detail page.
AC Vision Design,3,1972774603445697,AC Vision Design Pte Ltd,7 May 2026,https://www.facebook.com/ads/library/?id=1972774603445697,ad_screenshots/AC_Vision_Design_1972774603445697.png,advertiser:@acvisiondesign,No visible primary ad copy found on the Ads Library detail page.
Image Creative Design,1,1937765037136826,Image Creative Design Pte Ltd,21 Jan 2026,https://www.facebook.com/ads/library/?id=1937765037136826,ad_screenshots/Image_Creative_Design_1937765037136826.png,advertiser:@imagecreativedesign,"🏠 Renovating your home and worried about engaging an inexperienced ID? Afraid of budget overruns, poor workmanship, hidden costs and reno delays? At Image Creative Design, we guarantee that none of these will happen. ✅ Bespoke personalised designs ✅ Functional & beautiful interiors ✅ Experienced & responsible interior designers Click below to start building your dream home stress free with us today!"
Image Creative Design,2,1348861973526916,Image Creative Design Pte Ltd,16 Sep 2025,https://www.facebook.com/ads/library/?id=1348861973526916,ad_screenshots/Image_Creative_Design_1348861973526916.png,advertiser:@imagecreativedesign,"🏠 Renovating your home and worried about engaging an inexperienced ID? Afraid of budget overruns, poor workmanship, hidden costs and reno delays? At Image Creative Design, we guarantee that none of these will happen. ✅ Bespoke personalised designs ✅ Functional & beautiful interiors ✅ Experienced & responsible interior designers PLUS we're giving away $30,000 to one lucky homeowner who renovate with us in 2025! Click below to start building your dream home stress free with us today!"
Image Creative Design,3,2413165042536321,Image Creative Design Pte Ltd,21 Apr 2026,https://www.facebook.com/ads/library/?id=2413165042536321,ad_screenshots/Image_Creative_Design_2413165042536321.png,advertiser:@imagecreativedesign,"🏠 Renovating your first home and worried about engaging an inexperienced ID? Afraid of budget overruns, poor workmanship, hidden costs and reno delays? At Image Creative Design, we guarantee that none of these will happen. ✅ Bespoke personalised designs ✅ Functional & beautiful interiors ✅ Experienced & responsible interior designers Click below to start building your dream home stress free with us today!"
Image Creative Design,4,1315113460273412,Image Creative Design Pte Ltd,16 Sep 2025,https://www.facebook.com/ads/library/?id=1315113460273412,ad_screenshots/Image_Creative_Design_1315113460273412.png,advertiser:@imagecreativedesign,"🏠 Renovating your home and worried about engaging an inexperienced ID? Afraid of budget overruns, poor workmanship, hidden costs and reno delays? At Image Creative Design, we guarantee that none of these will happen. ✅ Bespoke personalised designs ✅ Functional & beautiful interiors ✅ Experienced & responsible interior designers PLUS we're giving away $30,000 to one lucky homeowner who renovate with us in 2025! Click below to start building your dream home stress free with us today!"
Image Creative Design,5,999098892546558,Image Creative Design Pte Ltd,21 Apr 2026,https://www.facebook.com/ads/library/?id=999098892546558,ad_screenshots/Image_Creative_Design_999098892546558_capture_timeout.svg,advertiser:@imagecreativedesign,"🏠 Renovating your first home and worried about engaging an inexperienced ID? Afraid of budget overruns, poor workmanship, hidden costs and reno delays? At Image Creative Design, we guarantee that none of these will happen. ✅ Bespoke personalised designs ✅ Functional & beautiful interiors ✅ Experienced & responsible interior designers Click below to start building your dream home stress free with us today!"
Image Creative Design,6,951782491000859,Image Creative Design Pte Ltd,21 Apr 2026,https://www.facebook.com/ads/library/?id=951782491000859,ad_screenshots/Image_Creative_Design_951782491000859.png,advertiser:@imagecreativedesign,"🏠 Renovating your first home and worried about engaging an inexperienced ID? Afraid of budget overruns, poor workmanship, hidden costs and reno delays? At Image Creative Design, we guarantee that none of these will happen. ✅ Bespoke personalised designs ✅ Functional & beautiful interiors ✅ Experienced & responsible interior designers Click below to start building your dream home stress free with us today!"
Image Creative Design,7,1675070056831297,Image Creative Design Pte Ltd,22 Apr 2026,https://www.facebook.com/ads/library/?id=1675070056831297,ad_screenshots/Image_Creative_Design_1675070056831297.png,advertiser:@imagecreativedesign,"🏠 Renovating your first home and worried about engaging an inexperienced ID? Afraid of budget overruns, poor workmanship, hidden costs and reno delays? At Image Creative Design, we guarantee that none of these will happen. ✅ Bespoke personalised designs ✅ Functional & beautiful interiors ✅ Experienced & responsible interior designers Click below to start building your dream home stress free with us today!"
SG INTERIOR DESIGN,1,2124422871462348,SG Interior Design,6 May 2026,https://www.facebook.com/ads/library/?id=2124422871462348,ad_screenshots/SG_INTERIOR_DESIGN_2124422871462348_advertiser_fallback.svg,advertiser:SG INTERIOR DESIGN,"🏡 SGI Open House 2026 is here! 🌟 Exclusive discounts up to 4% off your renovation 🛍️ Special merchant discounts and much more! Limited slots — RSVP now!
🏡 SGI Open House 2026 is here!
🌟 Exclusive discounts up to 4% off your renovation
🛍️ Special merchant discounts and much more!
Limited slots — RSVP now!"
Design 4 Space Pte Ltd (Paya Lebar),1,1438038034649001,Design 4 Space Interior Design 四维空间,2 Mar 2026,https://www.facebook.com/ads/library/?id=1438038034649001,ad_screenshots/Design_4_Space_Pte_Ltd_Paya_Lebar_1438038034649001_advertiser_fallback.svg,advertiser:Design 4 Space,"""The renovation turned out better than we ever imagined."" Most renovations go wrong because designers jump straight into visuals — without understanding who they’re designing for. At Design 4 Space, that’s never the case. For Shermin, the process starts with listening. She studies your lifestyle, habits, routines — even the things you don’t realise matter — and turns them into design decisions that actually make sense. The result? A space that looks good, lives even better, and feels unmistakably yours. Work with someone who gets it right, from day one. Book your free consultation with Design 4 Space today.
""The renovation turned out better than we ever imagined.""
Most renovations go wrong because designers jump straight into visuals — without understanding who they’re designing for.
At Design 4 Space, that’s never the case.
For Shermin, the process starts with listening. She studies your lifestyle, habits, routines — even the things you don’t realise matter — and turns them into design decisions that actually make sense.
The result? A space that looks good, lives even better, and feels unmistakably yours.
Work with someone who gets it right, from day one.
Book your free consultation with Design 4 Space today."
Design 4 Space Pte Ltd (Paya Lebar),2,2009889563268592,Design 4 Space Interior Design 四维空间,31 Mar 2026,https://www.facebook.com/ads/library/?id=2009889563268592,ad_screenshots/Design_4_Space_Pte_Ltd_Paya_Lebar_2009889563268592_advertiser_fallback.svg,advertiser:Design 4 Space,"Get a Free Design Proposal On Your FIRST Meeting! 🎨 No vague consultations. No empty talk. At Design 4 Space, our expert designers will prepare a real design proposal for your home on your very first meeting — for free. With 3 showrooms across Singapore, we are always within reach! 📍 Want to see what exciting ideas our designers can come up with for your home? 🤔 Click 'Learn More' to consulting our expert designers today!
Get a Free Design Proposal On Your FIRST Meeting! 🎨
No vague consultations. No empty talk.
At Design 4 Space, our expert designers will prepare a real design proposal for your home on your very first meeting — for free.
With 3 showrooms across Singapore, we are always within reach! 📍
Want to see what exciting ideas our designers can come up with for your home? 🤔
Click 'Learn More' to consulting our expert designers today!"
Design 4 Space Pte Ltd (Paya Lebar),3,3925115874292114,Design 4 Space Interior Design 四维空间,30 Mar 2026,https://www.facebook.com/ads/library/?id=3925115874292114,ad_screenshots/Design_4_Space_Pte_Ltd_Paya_Lebar_3925115874292114_advertiser_fallback.svg,advertiser:Design 4 Space,"Get a Free Design Proposal On Your FIRST Meeting! 🎨 No vague consultations. No empty talk. At Design 4 Space, our expert designers will prepare a real design proposal for your home on your very first meeting — for free. With 3 showrooms across Singapore, we are always within reach! 📍 Want to see what exciting ideas our designers can come up with for your home? 🤔 Click 'Learn More' to consulting our expert designers today!
Get a Free Design Proposal On Your FIRST Meeting! 🎨
No vague consultations. No empty talk.
At Design 4 Space, our expert designers will prepare a real design proposal for your home on your very first meeting — for free.
With 3 showrooms across Singapore, we are always within reach! 📍
Want to see what exciting ideas our designers can come up with for your home? 🤔
Click 'Learn More' to consulting our expert designers today!"
Design 4 Space Pte Ltd (Paya Lebar),4,820712871057539,Design 4 Space Interior Design 四维空间,27 Mar 2026,https://www.facebook.com/ads/library/?id=820712871057539,ad_screenshots/Design_4_Space_Pte_Ltd_Paya_Lebar_820712871057539_advertiser_fallback.svg,advertiser:Design 4 Space,"Get a Free Design Proposal On Your FIRST Meeting! 🎨 No vague consultations. No empty talk. At Design 4 Space, our expert designers will prepare a real design proposal for your home on your very first meeting — for free. With 3 showrooms across Singapore, we are always within reach! 📍 Want to see what exciting ideas our designers can come up with for your home? 🤔 Click 'Learn More' to consulting our expert designers today!
Get a Free Design Proposal On Your FIRST Meeting! 🎨
No vague consultations. No empty talk.
At Design 4 Space, our expert designers will prepare a real design proposal for your home on your very first meeting — for free.
With 3 showrooms across Singapore, we are always within reach! 📍
Want to see what exciting ideas our designers can come up with for your home? 🤔
Click 'Learn More' to consulting our expert designers today!"
Design 4 Space Pte Ltd (Paya Lebar),5,2626793427698084,Design 4 Space Interior Design 四维空间,2 Mar 2026,https://www.facebook.com/ads/library/?id=2626793427698084,ad_screenshots/Design_4_Space_Pte_Ltd_Paya_Lebar_2626793427698084_advertiser_fallback.svg,advertiser:Design 4 Space,"After renovating more than 10,000 homes in Singapore, we’ve learnt this 1 simple thing 👇
Homeowners want reliability, not surprises.
At Design4Space, our focus is straightforward:
✅ Practical layouts that fit real lifestyle needs
✅ Quality materials that last for years
✅ Clear communication at every stage
✅ Workmanship that holds up long after handover
✅ Designers who listen, not just propose
No over-promising.
No cutting corners.
No leaving you to figure things out on your own.
👉Plus, for a limited time only, we are offering a free upgrade to Ecoply, the lowest formaldehyde plywood in Singapore to homeowners.
Your home is a long-term investment, and you deserve a team that treats it like one.
If you want a renovation that’s well-designed, well-built, and worry-free, our designers are ready to help.
Meta © 2026 |"
Comfort Home Interior,1,999060539216494,Comfort Home Interior,28 Apr 2026,https://www.facebook.com/ads/library/?id=999060539216494,ad_screenshots/Comfort_Home_Interior_999060539216494_advertiser_fallback.svg,advertiser:Comfort Home Interior,Wondering how to make your home feel more like you? Our team loves helping homeowners create spaces that are both beautiful and comfortable.
Comfort Home Interior,2,1470044227905029,Comfort Home Interior,19 Apr 2026,https://www.facebook.com/ads/library/?id=1470044227905029,ad_screenshots/Comfort_Home_Interior_1470044227905029_advertiser_fallback.svg,advertiser:Comfort Home Interior,Wondering how to make your home feel more like you? Our team loves helping homeowners create spaces that are both beautiful and comfortable.
Comfort Home Interior,3,3066425807080518,Comfort Home Interior,28 Apr 2026,https://www.facebook.com/ads/library/?id=3066425807080518,ad_screenshots/Comfort_Home_Interior_3066425807080518_advertiser_fallback.svg,advertiser:Comfort Home Interior,Wondering how to make your home feel more like you? Our team loves helping homeowners create spaces that are both beautiful and comfortable.
Comfort Home Interior,4,2262359427840254,Comfort Home Interior,4 May 2026,https://www.facebook.com/ads/library/?id=2262359427840254,ad_screenshots/Comfort_Home_Interior_2262359427840254_advertiser_fallback.svg,advertiser:Comfort Home Interior,"We work closely with homeowners to bring their ideas to life, creating spaces that are practical and personal. Let’s explore your vision together."
Comfort Home Interior,5,953763717248233,Comfort Home Interior,29 Apr 2026,https://www.facebook.com/ads/library/?id=953763717248233,ad_screenshots/Comfort_Home_Interior_953763717248233_advertiser_fallback.svg,advertiser:Comfort Home Interior,Wondering how to make your home feel more like you? Our team loves helping homeowners create spaces that are both beautiful and comfortable.
Comfort Home Interior,6,1192998456172678,Comfort Home Interior,4 May 2026,https://www.facebook.com/ads/library/?id=1192998456172678,ad_screenshots/Comfort_Home_Interior_1192998456172678_advertiser_fallback.svg,advertiser:Comfort Home Interior,"We work closely with homeowners to bring their ideas to life, creating spaces that are practical and personal. Let’s explore your vision together."
Comfort Home Interior,7,982137450954585,Comfort Home Interior,4 May 2026,https://www.facebook.com/ads/library/?id=982137450954585,ad_screenshots/Comfort_Home_Interior_982137450954585_advertiser_fallback.svg,advertiser:Comfort Home Interior,"We work closely with homeowners to bring their ideas to life, creating spaces that are practical and personal. Let’s explore your vision together."
Comfort Home Interior,8,1916989492318241,Comfort Home Interior,4 May 2026,https://www.facebook.com/ads/library/?id=1916989492318241,ad_screenshots/Comfort_Home_Interior_1916989492318241_advertiser_fallback.svg,advertiser:Comfort Home Interior,"We work closely with homeowners to bring their ideas to life, creating spaces that are practical and personal. Let’s explore your vision together."
Comfort Home Interior,9,2015301036004975,Comfort Home Interior,4 May 2026,https://www.facebook.com/ads/library/?id=2015301036004975,ad_screenshots/Comfort_Home_Interior_2015301036004975_advertiser_fallback.svg,advertiser:Comfort Home Interior,"We work closely with homeowners to bring their ideas to life, creating spaces that are practical and personal. Let’s explore your vision together."
Comfort Home Interior,10,26678795868470900,Comfort Home Interior,28 Apr 2026,https://www.facebook.com/ads/library/?id=26678795868470900,ad_screenshots/Comfort_Home_Interior_26678795868470900_advertiser_fallback.svg,advertiser:Comfort Home Interior,Wondering how to make your home feel more like you? Our team loves helping homeowners create spaces that are both beautiful and comfortable.
Empyrean Design Studio,1,882690210867236,Empyrean Design Studio,29 Dec 2025,https://www.facebook.com/ads/library/?id=882690210867236,ad_screenshots/Empyrean_Design_Studio_882690210867236_advertiser_fallback.svg,advertiser:Empyrean Design Studio,"Renovation budget under $40k?
""Sorry, your budget is too low for what you want..."" 😤Heard this before? We call BS.
At Empyrean Design Studio, we DON'T:
❌ Judge you based on budget size
❌ Push you to unnecessary upgrades
❌ Give you ""2nd class"" service for smaller budgets
What you GET regardless of budget:
✅ Same 5-star personalised service
✅ Full transparency - itemised quotations
✅ Same warranty coverage & protection
✅ Full customisation options
✅ Value-for-money material recommendations
Our promise:
We work WITH your budget, not against it.
→ Smart material choices that look expensive
→ Strategic planning to maximise every dollar
→ No hidden costs or surprise charges
→ Honest advice on what matters most
Your dream home doesn't need a dream budget. Just the right partner.
Click below to book a free design consultation and let's build your dream home together!"
Empyrean Design Studio,2,1561187291737281,Empyrean Design Studio,15 Dec 2025,https://www.facebook.com/ads/library/?id=1561187291737281,ad_screenshots/Empyrean_Design_Studio_1561187291737281_advertiser_fallback.svg,advertiser:Empyrean Design Studio,"Disappearing contractors. Budgets that double overnight. Projects that drag on for months.
If you're planning a renovation, these nightmares have probably kept you up at night.
Here's what makes us different: After 10,000 completed projects, we've seen every way a renovation can go wrong. So we built our entire process around making sure it doesn't happen to you.
✅ Fixed Pricing - Your quote is your final number. No surprise costs.
✅ In-House Contractors - No delays. No excuses. Just results.
✅ Premium Materials Only - Up to 5 years warranty. We never cut corners.
✅ CASETrust Accredited - Legally bound to honour our commitments to you.
Your home renovation should be exciting, not terrifying. You deserve to sleep well at night knowing you chose a team that's done this successfully thousands of times before.
Ready for a renovation experience without the nightmares? Click below to get your free design consultation with our team now!"
Empyrean Design Studio,3,2119964958810257,Empyrean Design Studio,15 Dec 2025,https://www.facebook.com/ads/library/?id=2119964958810257,ad_screenshots/Empyrean_Design_Studio_2119964958810257_advertiser_fallback.svg,advertiser:Empyrean Design Studio,"Want a home that's aesthetic AND functional? That doesn't blow your budget or drag on for months?
I know - it sounds impossible, right?
You've probably been told to ""pick two"" - beautiful, functional, on budget, on time. Like you can't have them all.
But what if I told you that after completing over 10,000 projects, we've delivered every single time?
🏡 Instagram-worthy design that also hides all the family chaos
💰 Premium materials within real-world budgets - transparent pricing upfront, zero surprise costs
⏰ CASETrust accredited = zero delays - when we say 8 weeks, you can book that housewarming party for week 9
Your home should work as hard as it looks good.
Beautiful spaces that actually make your daily life easier, delivered on time and on budget.
That's not a dream. That's what we do every day.
No more choosing between form and function. No more ""we'll figure out the budget later"" anxiety. No more wondering when your project will actually finish.
Just gorgeous, practical spaces delivered exactly when promised, at exactly the price we quoted.
Ready to have it all? Click below to get your free design consultation with our team now!"
Empyrean Design Studio,4,2240908079646188,Empyrean Design Studio,6 Apr 2026,https://www.facebook.com/ads/library/?id=2240908079646188,ad_screenshots/Empyrean_Design_Studio_2240908079646188_advertiser_fallback.svg,advertiser:Empyrean Design Studio,"Ready to grow your design career without giving up a stable income? Empyrean Design Studio is hiring Interior Designers with a compensation model that's first of its kind in Singapore — a fixed salary plus commission on every project you close. No more pure-commission stress. No more income uncertainty. Just great design work, backed by a team that feels like family. Whether you're experienced or hungry to learn, if you've got the eye and the drive, we want to hear from you. Apply today and join one of SG's fastest-growing design teams.
Ready to grow your design career without giving up a stable income?
Empyrean Design Studio is hiring Interior Designers with a compensation model that's first of its kind in Singapore — a fixed salary plus commission on every project you close.
No more pure-commission stress. No more income uncertainty. Just great design work, backed by a team that feels like family.
Whether you're experienced or hungry to learn, if you've got the eye and the drive, we want to hear from you.
Apply today and join one of SG's fastest-growing design teams."
Empyrean Design Studio,5,1585370042627153,Empyrean Design Studio,15 Dec 2025,https://www.facebook.com/ads/library/?id=1585370042627153,ad_screenshots/Empyrean_Design_Studio_1585370042627153_advertiser_fallback.svg,advertiser:Empyrean Design Studio,"Planning a renovation? Stop.
Before you sign with anyone, let me show you the red flags that could cost you thousands - and months of your life.
🚩 Red Flag #1: Endless Delays
If they can't give you a firm timeline, or they're already making excuses before starting? Run.
At Empyrean Design, we've completed thousands of projects with zero delays. Zero.
🚩 Red Flag #2: Budgets That Overshoot
""Oh, we forgot to mention..."" sound familiar?
We're CASETrust accredited with transparent pricing. Your quote is your final price, legally protected.
🚩 Red Flag #3: Inexperienced Interior Designers
Anyone can call themselves an ID.
Our designers are qualified professionals with portfolios full of successful projects, trusted by local celebrities and hundreds of satisfied families.
🚩 Red Flag #4: IDs Who Ghost You Mid-Project
This one breaks my heart. You're trying to reach them, contractors are asking questions, and suddenly... silence.
We assign dedicated project coordinators who communicate every step of the way.
🚩 Red Flag #5: Contractors Messing Up Your Vision
Poor workmanship. Wrong materials. Corners cut when you're not looking.
We use only in-house, licensed contractors and back everything with up to 5 years warranty.
Your renovation budget and timeline are precious. Don't let red flag companies waste either one.
Ready to work with a team that's eliminated every red flag? Click below to get your free design consultation with our team now!"
Empyrean Design Studio,6,1515623276395456,Empyrean Design Studio,15 Dec 2025,https://www.facebook.com/ads/library/?id=1515623276395456,ad_screenshots/Empyrean_Design_Studio_1515623276395456_advertiser_fallback.svg,advertiser:Empyrean Design Studio,"Want a home that makes you smile every time you walk through the door?
Your home should work with YOUR lifestyle. Reflect YOUR personality. Tell YOUR story.
At Empyrean Design, we don't just ask what you like - we listen to how you actually live.
Do you host dinner parties or prefer quiet evenings in? Are you a morning coffee person or a late-night reader? Do you need a home office that actually works, or a kids' play area that contains the chaos?
10,000 projects completed. Hundreds of 5-star reviews. Every single home completely unique.
Because you're not everyone else - why should your home be?
Yes, we're CASETrust accredited. Yes, we use premium materials, stick to timelines, and offer transparent pricing. The foundation matters.
But what we're really creating? A space that's authentically, beautifully YOU.
No cookie-cutter designs. No ""this is what's trending"" pressure. Just a home that feels like it was made for exactly how you live.
Ready to create a home that's as unique as your story? Click below to get your free design consultation with our team now!"
Ft2 (Ubi) Interior Design (By Appointment Only),1,1899781437367094,Ft2id,19 Mar 2026,https://www.facebook.com/ads/library/?id=1899781437367094,ad_screenshots/Ft2_Ubi_Interior_Design_By_Appointment_Only_1899781437367094_advertiser_fallback.svg,advertiser:@ft2_sg,"See your home in 3D before you commit. Get a whole-house preview, refine the design, then decide with confidence. Claim your free 3D today and make the right choice for your renovation."
Ft2 (Ubi) Interior Design (By Appointment Only),2,1226450209569436,Ft2id,16 Apr 2026,https://www.facebook.com/ads/library/?id=1226450209569436,ad_screenshots/Ft2_Ubi_Interior_Design_By_Appointment_Only_1226450209569436_advertiser_fallback.svg,advertiser:@ft2_sg,"See your home in 3D before you commit. Get a whole-house preview, refine the design, then decide with confidence. Claim your free 3D today and make the right choice for your renovation."
Ft2 (Ubi) Interior Design (By Appointment Only),3,2416867198739173,Ft2id,6 May 2026,https://www.facebook.com/ads/library/?id=2416867198739173,ad_screenshots/Ft2_Ubi_Interior_Design_By_Appointment_Only_2416867198739173_advertiser_fallback.svg,advertiser:@ft2_sg,"Interior designers deserve better support. At FT2 Interior, we provide high quality organic leads that are filtered for you. No more chasing portal leads that go nowhere. Our designers enjoy up to 90 percent commission and an instant 50 percent payout the moment a deal is signed. Focus on your designs while we handle the rest. Apply today to join our growing team. Please note that this position is currently restricted to local applicants (SC/PR) and Malaysians.
Interior designers deserve better support. At FT2 Interior, we provide high quality organic leads that are filtered for you.
No more chasing portal leads that go nowhere. Our designers enjoy up to 90 percent commission and an instant 50 percent payout the moment a deal is signed.
Focus on your designs while we handle the rest. Apply today to join our growing team.
Please note that this position is currently restricted to local applicants (SC/PR) and Malaysians."
Ft2 (Ubi) Interior Design (By Appointment Only),4,1977434739866153,Ft2id,11 Apr 2026,https://www.facebook.com/ads/library/?id=1977434739866153,ad_screenshots/Ft2_Ubi_Interior_Design_By_Appointment_Only_1977434739866153_advertiser_fallback.svg,advertiser:@ft2_sg,"Sign kontrak? Bayar deposit? Baru tengok design? TAK, dekat FT2 kita tak buat macam tu. Kebanyakan firma bermula dengan tanda harga, tapi kami mulakan dengan visi anda. Kami percaya anda berhak melihat hasil akhir sebelum keluar satu sen pun. Dapatkan reka bentuk 3D penuh satu rumah dan alami sendiri susun atur serta bahan melalui 720 VR kami—semuanya tanpa sebarang deposit. Jangan sekadar bayangkan, jom lihat sendiri! Klik link di bawah untuk tuntut 3D PERCUMA anda hari ini.
Sign kontrak? Bayar deposit? Baru tengok design? TAK, dekat FT2 kita tak buat macam tu.
Kebanyakan firma bermula dengan tanda harga, tapi kami mulakan dengan visi anda. Kami percaya anda berhak melihat hasil akhir sebelum keluar satu sen pun. Dapatkan reka bentuk 3D penuh satu rumah dan alami sendiri susun atur serta bahan melalui 720 VR kami—semuanya tanpa sebarang deposit.
Jangan sekadar bayangkan, jom lihat sendiri! Klik link di bawah untuk tuntut 3D PERCUMA anda hari ini."
Ft2 (Ubi) Interior Design (By Appointment Only),5,1793481104959993,Ft2id,11 Apr 2026,https://www.facebook.com/ads/library/?id=1793481104959993,ad_screenshots/Ft2_Ubi_Interior_Design_By_Appointment_Only_1793481104959993_advertiser_fallback.svg,advertiser:@ft2_sg,"Sign kontrak? Bayar deposit? Baru tengok design? TAK, dekat FT2 kita tak buat macam tu. Kebanyakan firma bermula dengan tanda harga, tapi kami mulakan dengan visi anda. Kami percaya anda berhak melihat hasil akhir sebelum keluar satu sen pun. Dapatkan reka bentuk 3D penuh satu rumah dan alami sendiri susun atur serta bahan melalui 720 VR kami—semuanya tanpa sebarang deposit. Jangan sekadar bayangkan, jom lihat sendiri! Klik link di bawah untuk tuntut 3D PERCUMA anda hari ini.
Sign kontrak? Bayar deposit? Baru tengok design? TAK, dekat FT2 kita tak buat macam tu.
Kebanyakan firma bermula dengan tanda harga, tapi kami mulakan dengan visi anda. Kami percaya anda berhak melihat hasil akhir sebelum keluar satu sen pun. Dapatkan reka bentuk 3D penuh satu rumah dan alami sendiri susun atur serta bahan melalui 720 VR kami—semuanya tanpa sebarang deposit.
Jangan sekadar bayangkan, jom lihat sendiri! Klik link di bawah untuk tuntut 3D PERCUMA anda hari ini."
Ft2 (Ubi) Interior Design (By Appointment Only),6,2877368465930318,Ft2id,6 May 2026,https://www.facebook.com/ads/library/?id=2877368465930318,ad_screenshots/Ft2_Ubi_Interior_Design_By_Appointment_Only_2877368465930318_advertiser_fallback.svg,advertiser:@ft2_sg,"Want to see your smart home before you even start the renovation? 📐
Collecting your keys in the next 6 months? Join the FT2 x MÖWE workshop and get a complimentary custom 3D render showing exactly how your smart devices will look inside your design.
Our experienced designers will show you how to map out switch positions and device placements so you get a clean, ""cable-free"" look. Stop guessing and start planning with the experts.
Slots are limited. Comment ""smart"" in the comments to arrange for a workshop slot today!
#ft2interiordesign #interiordesign #homerenovation #smarthome #homeinspiration"
Ft2 (Ubi) Interior Design (By Appointment Only),7,969818992259534,Ft2id,6 May 2026,https://www.facebook.com/ads/library/?id=969818992259534,ad_screenshots/Ft2_Ubi_Interior_Design_By_Appointment_Only_969818992259534_advertiser_fallback.svg,advertiser:@ft2_sg,"室内设计师不仅需要创意，更需要合理的收入保障。 FT2 Interior 为优秀的设计师提供高达 90% 的佣金分成，并推出 DP 佣金方案：一旦合约确认，即可领到 50% 的佣金。 无需等待数月，让您的辛勤付出得到最及时的回报。欢迎经验丰富的 ID 加入我们的精英团队。 此职位目前仅限本地申请人（新加坡公民/永久居民）和马来西亚公民申请。
室内设计师不仅需要创意，更需要合理的收入保障。
FT2 Interior 为优秀的设计师提供高达 90% 的佣金分成，并推出 DP 佣金方案：一旦合约确认，即可领到 50% 的佣金。
无需等待数月，让您的辛勤付出得到最及时的回报。欢迎经验丰富的 ID 加入我们的精英团队。
此职位目前仅限本地申请人（新加坡公民/永久居民）和马来西亚公民申请。"
Ft2 (Ubi) Interior Design (By Appointment Only),8,27352111824376766,Ft2id,9 Apr 2026,https://www.facebook.com/ads/library/?id=27352111824376766,ad_screenshots/Ft2_Ubi_Interior_Design_By_Appointment_Only_27352111824376766_advertiser_fallback.svg,advertiser:@ft2_sg,"See your home in 3D before you commit. Get a whole-house preview, refine the design, then decide with confidence. Claim your free 3D today and make the right choice for your renovation."
Ft2 (Ubi) Interior Design (By Appointment Only),9,1118469360443684,Ft2id,16 Apr 2026,https://www.facebook.com/ads/library/?id=1118469360443684,ad_screenshots/Ft2_Ubi_Interior_Design_By_Appointment_Only_1118469360443684_advertiser_fallback.svg,advertiser:@ft2_sg,"See your home in 3D before you commit. Get a whole-house preview, refine the design, then decide with confidence. Claim your free 3D today and make the right choice for your renovation."
Ft2 (Ubi) Interior Design (By Appointment Only),10,997593389497157,Ft2id,8 May 2026,https://www.facebook.com/ads/library/?id=997593389497157,ad_screenshots/Ft2_Ubi_Interior_Design_By_Appointment_Only_997593389497157_advertiser_fallback.svg,advertiser:@ft2_sg,"""Which app do I use for the curtains?"" 😵‍💫 If your family needs a manual just to turn on the lights in your new home, it isn't 'smart'—it’s unnecessarily complex. A designer home should be a sanctuary, not a technical puzzle. While most IDs focus only on the mood board, FT2 Interior and MÖWE focus on the infrastructure that makes smart living actually work. Join us at our partner Mowe's Balestier showroom to bridge the gap between design and technology. Click below to secure your complimentary spot! 👇
""Which app do I use for the curtains?"" 😵‍💫
If your family needs a manual just to turn on the lights in your new home, it isn't 'smart'—it’s unnecessarily complex.
A designer home should be a sanctuary, not a technical puzzle. While most IDs focus only on the mood board, FT2 Interior and MÖWE focus on the infrastructure that makes smart living actually work. Join us at our partner Mowe's Balestier showroom to bridge the gap between design and technology.
Click below to secure your complimentary spot! 👇"
Visionary Interior Design Pte. Ltd.,1,1000399425652515,Visionary Interior,29 Apr 2026,https://www.facebook.com/ads/library/?id=1000399425652515,ad_screenshots/Visionary_Interior_Design_Pte_Ltd_1000399425652515_advertiser_fallback.svg,advertiser:@visionaryinterior,"We’re Growing — Join the Visionary Team ✨
Seeking individuals committed to self-improvement and ready to grow with us.
At Visionary Interior:
• Strong growth opportunities
• Supportive & fun-loving team
• Positive and encouraging environment
• Competitive performance-based bonuses
• Consistent flow of qualified leads
Big ideas, great design, and a team that brings the vision to life ✨
Passionate about interior design? This might just be your next home.
Kindly send your CV and portfolio to +65 8827 5582🚀
#hiringSG #sgjobs #singaporejobs #interiordesignjobs #interiordesign"
Visionary Interior Design Pte. Ltd.,2,3312896672217192,Visionary Interior,3 May 2026,https://www.facebook.com/ads/library/?id=3312896672217192,ad_screenshots/Visionary_Interior_Design_Pte_Ltd_3312896672217192_advertiser_fallback.svg,advertiser:@visionaryinterior,"Looking to step into the Interior Design industry? Start with the right platform to grow. Visionary Interior is welcoming 5 Sales Interior Designers who are ready to grow in a structured and supportive environment. No Interior Design experience? Training and mentorship will be provided. If you value growth, accountability, and long-term development, we’d like to hear from you. Send your CV & portfolio to wa.me/6588275582
Looking to step into the Interior Design industry?
Start with the right platform to grow.
Visionary Interior is welcoming 5 Sales Interior Designers who are ready to grow in a structured and supportive environment.
No Interior Design experience?
Training and mentorship will be provided.
If you value growth, accountability, and long-term development, we’d like to hear from you.
Send your CV & portfolio to"
Visionary Interior Design Pte. Ltd.,3,953900217559686,Visionary Interior,3 May 2026,https://www.facebook.com/ads/library/?id=953900217559686,ad_screenshots/Visionary_Interior_Design_Pte_Ltd_953900217559686_advertiser_fallback.svg,advertiser:@visionaryinterior,"Looking to step into the Interior Design industry? Start with the right platform to grow. Visionary Interior is welcoming 5 Sales Interior Designers who are ready to grow in a structured and supportive environment. No Interior Design experience? Training and mentorship will be provided. If you value growth, accountability, and long-term development, we’d like to hear from you. Send your CV & portfolio to wa.me/6588275582
Looking to step into the Interior Design industry?
Start with the right platform to grow.
Visionary Interior is welcoming 5 Sales Interior Designers who are ready to grow in a structured and supportive environment.
No Interior Design experience?
Training and mentorship will be provided.
If you value growth, accountability, and long-term development, we’d like to hear from you.
Send your CV & portfolio to"
Visionary Interior Design Pte. Ltd.,4,954528864051687,Visionary Interior,29 Apr 2026,https://www.facebook.com/ads/library/?id=954528864051687,ad_screenshots/Visionary_Interior_Design_Pte_Ltd_954528864051687_advertiser_fallback.svg,advertiser:@visionaryinterior,"Looking to build a career in Interior Design Sales? At Visionary Interior, we provide structured training, mentorship, and a platform to excel. 5 positions available. Full-time role based at Ubi Ave 4. If you are driven and ready to grow, apply today. +65 8827 5582
Looking to build a career in Interior Design Sales?
At Visionary Interior, we provide structured training, mentorship, and a platform to excel.
5 positions available.
Full-time role based at Ubi Ave 4.
If you are driven and ready to grow, apply today.
+65 8827 5582
Meta © 2026 |"
Magnificent Living Concept Pte. Ltd.,1,1956820569048017,Magnificent Living Concept,25 Mar 2026,https://www.facebook.com/ads/library/?id=1956820569048017,ad_screenshots/Magnificent_Living_Concept_Pte_Ltd_1956820569048017_advertiser_fallback.svg,advertiser:@magnificentlivingconcept,"👩🏻‍🍳 Kitchen renovation package at an Exclusively Affordable Price! Get the dream kitchen you've always wanted, without breaking the bank.
Dream Kitchen at Unbeatable Price"
Magnificent Living Concept Pte. Ltd.,2,26124893990513554,Magnificent Living Concept,3 Apr 2026,https://www.facebook.com/ads/library/?id=26124893990513554,ad_screenshots/Magnificent_Living_Concept_Pte_Ltd_26124893990513554_advertiser_fallback.svg,advertiser:@magnificentlivingconcept,"We are looking for motivated individuals with a passion for interior design and sales. As part of the Magnificent Living Concept team, you’ll guide homeowners through their renovation journey while growing your career in a dynamic, supportive environment. Apply now and let’s create beautiful spa...
Meta © 2026 |"
The Orange Cube Pte. Ltd.,1,817999751239070,The Orange Cube,11 Jan 2026,https://www.facebook.com/ads/library/?id=817999751239070,ad_screenshots/The_Orange_Cube_Pte_Ltd_817999751239070_advertiser_fallback.svg,advertiser:@theorangecube_sg,"Minimalist Scandi vibes done right! ✨ Just handed over this modern White House design at Reflection Residence. Clean, cozy, and effortlessly stylish—this is what dream homes are made of.
#ScandiMinimalism #ModernInteriorDesign"
The Orange Cube Pte. Ltd.,2,798265063261436,The Orange Cube,15 Dec 2025,https://www.facebook.com/ads/library/?id=798265063261436,ad_screenshots/The_Orange_Cube_Pte_Ltd_798265063261436_advertiser_fallback.svg,advertiser:@theorangecube_sg,"Looking to renovate your landed property soon?
Enjoy FREE Quotation, Mood Board, and Space Planning with The Orange Cube!
✔️ Trusted ID firm since 2003
✔️ Rated 4.6/5 Star on Qanvast
✔️ In-house Carpentry Factory, Hacker and Tilers (Limited Delays)
✔️ HDB Registered Renovation Contractor (Licence: HB-07-3618Z)
✔️ BCA Builder’s Licence: General Builder Class 2
✔️ HDB Official Showflats Designer
✔️ Nippon Preferred Designer
Don’t rush into a decision just yet, get a free quotation from us first! Showroom available for booking.
Contact us now!"
The Orange Cube Pte. Ltd.,3,1260821412597589,The Orange Cube,27 Feb 2026,https://www.facebook.com/ads/library/?id=1260821412597589,ad_screenshots/The_Orange_Cube_Pte_Ltd_1260821412597589_advertiser_fallback.svg,advertiser:@theorangecube_sg,"Looking to renovate your landed property soon?
Enjoy FREE Quotation, Mood Board, and Space Planning with The Orange Cube!
✔️ Trusted ID firm since 2003
✔️ Rated 4.6/5 Star on Qanvast
✔️ In-house Carpentry Factory, Hacker and Tilers (Limited Delays)
✔️ HDB Registered Renovation Contractor (Licence: HB-07-3618Z)
✔️ BCA Builder’s Licence: General Builder Class 2
✔️ HDB Official Showflats Designer
✔️ Nippon Preferred Designer
Don’t rush into a decision just yet, get a free quotation from us first! Showroom available for booking.
Contact us now!"
Urban Home Design Pte Ltd,1,1464692607954773,Urban Home Design 二本設計家,7 Oct 2025,https://www.facebook.com/ads/library/?id=1464692607954773,ad_screenshots/Urban_Home_Design_Pte_Ltd_1464692607954773_advertiser_fallback.svg,advertiser:@urbanhomedesign_sg,"Modern Living in Punggol 💰
S$116,000 Renovation | 116m² | 5-Room BTO
This 5-room BTO is reimagined into a Modern sanctuary , where every detail balances comfort and elegance.
A sleek TV console with built-in shelving defines the living area, while a bright open kitchen with a marble island serves as the home’s social heart. The dining space, layered with natural textures and soft lighting, completes the flow , creating a home designed for both refined style and everyday ease. 🏡✨
#interiordesign #singaporeinteriordesign #urbanhome #renovationsingapore #hdbrenovation #modernresort #contemporaryhome #punggol #hdbdesign #walkinwardrobe #tvconsole #sgrenovation #qanvastsingapore #hdbinteriordesign #modernliving #resorthome"
Urban Home Design Pte Ltd,2,1559769855503156,Urban Home Design 二本設計家,9 Apr 2026,https://www.facebook.com/ads/library/?id=1559769855503156,ad_screenshots/Urban_Home_Design_Pte_Ltd_1559769855503156_advertiser_fallback.svg,advertiser:@urbanhomedesign_sg,"Sales Interior Designer, Is Your Career at a Standstill?
Do you dream of breaking free from traditional career paths and reaching new milestones as an Award-Winning Designer?
It’s time to aim higher. 🔥
Join Urban Home Design and embark on a transformative journey in your design career.
We’re not just a design firm—we’re a community of innovators, creators, and future leaders. Here, you’ll gain access to systematic training, global perspectives, and unlimited growth opportunities.
We’re Looking for Someone Like You
💼Only 5 openings available.
We’re seeking passionate, creative, and driven designers who are ready to push boundaries.
1.⁠ ⁠Senior Sales Interior Designer: at least 3–5 years of experience in interior design.
2.⁠ ⁠Sales Interior Designer: at least 1–2 years of experience in interior design.
Your Future Starts Here!
📌 More details:
📩 Email your resume to: info@urbanhomedesign.com.sg
📞 WhatsApp: +65 8418 0034
#interiordesign #interiordesigners #hiring #hiringnow #seniordesigner #projectmanagers #sghomes #renovationsg #wearehiring #hiringnow #joinourteam #joinus"
Urban Home Design Pte Ltd,3,2181159066014872,Urban Home Design 二本設計家,9 Apr 2026,https://www.facebook.com/ads/library/?id=2181159066014872,ad_screenshots/Urban_Home_Design_Pte_Ltd_2181159066014872_advertiser_fallback.svg,advertiser:@urbanhomedesign_sg,"5 Room BTO 🏠
A home designed with quiet structure and purposeful flow.
The foyer sets the tone — a crafted divider with fluted glass softens the boundary between spaces, offering privacy without blocking light.💡✨
Moving into the living area, full-height windows and a built-in bench maximize natural light, creating a calm, open environment.🪟
In the kitchen, sliding doors allow the space to shift between open and enclosed — balancing practicality with a clean, minimal look. Warm wood tones are paired with soft neutrals, creating a palette that feels grounded yet light.
📍 Tengah Avenue
🏠 5 Room BTO · 110 sqm
#urbanhomedesign #btodesign #singaporehomes #hdbrenovation"
Urban Home Design Pte Ltd,4,2453351371801824,Urban Home Design 二本設計家,25 Mar 2026,https://www.facebook.com/ads/library/?id=2453351371801824,ad_screenshots/Urban_Home_Design_Pte_Ltd_2453351371801824_advertiser_fallback.svg,advertiser:@urbanhomedesign_sg,"Whampoa Drive · Modern Lux
A resale HDB, reimagined with depth, restraint, and quiet luxury.
Dark wood tones, layered lighting, and clean architectural lines come together to create a home that feels calm yet confident.
Every detail is intentional — from the concealed storage to the seamless transitions between spaces.
This walkthrough isn’t about excess.
It’s about balance, proportion, and how a home feels when everything is done right.
📍 Whampoa Drive, Singapore
🏠 Resale HDB
✨ Modern Lux
#UrbanHomeDesign #ModernLux #ResaleHDB #SingaporeHomes #HDBRenovation"
Quad.R Design Pte Ltd,1,1666504507995431,Quad.R Interior Design,26 Apr 2026,https://www.facebook.com/ads/library/?id=1666504507995431,ad_screenshots/Quad_R_Design_Pte_Ltd_1666504507995431_advertiser_fallback.svg,advertiser:@quad.rdesign,"House of Sentiments - a full reveal Designer @quad.r_nigel
House of Sentiments - a full reveal
Designer @quad.r_nigel"
Quad.R Design Pte Ltd,2,1430879148610484,Quad.R Interior Design,22 Jan 2026,https://www.facebook.com/ads/library/?id=1430879148610484,ad_screenshots/Quad_R_Design_Pte_Ltd_1430879148610484_advertiser_fallback.svg,advertiser:@quad.rdesign,"Introducing Sundial Inn, a modern resort-inspired space made to be inviting, cosy, and effortless. From layout to function to atmosphere, everything was tailored specifically to our clients, a happy family of three. We design interiors that help you live better. Click to book an appointment with our designers!
Introducing Sundial Inn, a modern resort-inspired space made to be inviting, cosy, and effortless. From layout to function to atmosphere, everything was tailored specifically to our clients, a happy family of three.
We design interiors that help you live better. Click to book an appointment with our designers!"
Quad.R Design Pte Ltd,3,998847095811654,Quad.R Interior Design,22 Apr 2026,https://www.facebook.com/ads/library/?id=998847095811654,ad_screenshots/Quad_R_Design_Pte_Ltd_998847095811654_advertiser_fallback.svg,advertiser:@quad.rdesign,"Welcome to the House Of Recollections. A Modern French home housing rococo details, art, and warmth of a family’s presence. Designer @nick_109sqft
Welcome to the House Of Recollections. A Modern French home housing rococo details, art, and warmth of a family’s presence.
Designer @nick_109sqft"
Quad.R Design Pte Ltd,4,3354610511364299,Quad.R Interior Design,22 Apr 2026,https://www.facebook.com/ads/library/?id=3354610511364299,ad_screenshots/Quad_R_Design_Pte_Ltd_3354610511364299_advertiser_fallback.svg,advertiser:@quad.rdesign,"The House Of Recollections Designed by @nick_109sqft Photographed by @interiorphotography.sg
The House Of Recollections
Designed by @nick_109sqft
Photographed by @interiorphotography.sg"
Quad.R Design Pte Ltd,5,903983305458386,Quad.R Interior Design,22 Jan 2026,https://www.facebook.com/ads/library/?id=903983305458386,ad_screenshots/Quad_R_Design_Pte_Ltd_903983305458386_advertiser_fallback.svg,advertiser:@quad.rdesign,"Introducing Sundial Inn, a modern resort-inspired space made to be inviting, cosy, and effortless. From layout to function to atmosphere, everything was tailored specifically to our clients, a happy family of three. We design interiors that help you live better. Click to book an appointment with our designers!
Introducing Sundial Inn, a modern resort-inspired space made to be inviting, cosy, and effortless. From layout to function to atmosphere, everything was tailored specifically to our clients, a happy family of three.
We design interiors that help you live better. Click to book an appointment with our designers!"
Quad.R Design Pte Ltd,6,735275799340096,Quad.R Interior Design,22 Jan 2026,https://www.facebook.com/ads/library/?id=735275799340096,ad_screenshots/Quad_R_Design_Pte_Ltd_735275799340096_advertiser_fallback.svg,advertiser:@quad.rdesign,"Introducing Sundial Inn, a modern resort-inspired space made to be inviting, cosy, and effortless. From layout to function to atmosphere, everything was tailored specifically to our clients, a happy family of three. We design interiors that help you live better. Click to book an appointment with our designers!
Introducing Sundial Inn, a modern resort-inspired space made to be inviting, cosy, and effortless. From layout to function to atmosphere, everything was tailored specifically to our clients, a happy family of three.
We design interiors that help you live better. Click to book an appointment with our designers!"
Quad.R Design Pte Ltd,7,830910606646040,Quad.R Interior Design,22 Jan 2026,https://www.facebook.com/ads/library/?id=830910606646040,ad_screenshots/Quad_R_Design_Pte_Ltd_830910606646040_advertiser_fallback.svg,advertiser:@quad.rdesign,"Introducing Sundial Inn, a modern resort-inspired space made to be inviting, cosy, and effortless. From layout to function to atmosphere, everything was tailored specifically to our clients, a happy family of three. We design interiors that help you live better. Click to book an appointment with our designers!
Introducing Sundial Inn, a modern resort-inspired space made to be inviting, cosy, and effortless. From layout to function to atmosphere, everything was tailored specifically to our clients, a happy family of three.
We design interiors that help you live better. Click to book an appointment with our designers!"
Quad.R Design Pte Ltd,8,1689486348909449,Quad.R Interior Design,22 Apr 2026,https://www.facebook.com/ads/library/?id=1689486348909449,ad_screenshots/Quad_R_Design_Pte_Ltd_1689486348909449_advertiser_fallback.svg,advertiser:@quad.rdesign,"For Madam Ge, art is not merely decoration. It is a representation of life’s journey - the struggles, and the beauty, which make it all much more meaningful. Hence, her home needed to be more than a gallery where art was simply admired. It was designed to be an experience where art and life was interwoven quietly, a serene exhibition of memories. The House Of Recollections Designed by @nick_109sqft Photographed by @interiorphotography.sg
For Madam Ge, art is not merely decoration. It is a representation of life’s journey - the struggles, and the beauty, which make it all much more meaningful.
Hence, her home needed to be more than a gallery where art was simply admired. It was designed to be an experience where art and life was interwoven quietly, a serene exhibition of memories.
The House Of Recollections
Designed by @nick_109sqft
Photographed by @interiorphotography.sg
Meta © 2026 |"
Zenith Arc (Interior Design Company Singapore),1,944736178163603,Zenith Arc,12 Apr 2026,https://www.facebook.com/ads/library/?id=944736178163603,ad_screenshots/Zenith_Arc_Interior_Design_Company_Singapore_944736178163603_advertiser_fallback.svg,advertiser:@zenitharc.sg,"Renovating without a clear layout is how most homes end up feeling cramped.
📍 409 Fernvale Road
From entryway ➝ kitchen ➝ bar table — every zone flows with purpose, not guesswork.
No wasted space. No awkward transitions. Just a home that feels bigger and calmer than it actually is.
Planning your renovation? Save this before you commit 📌
#SingaporeRenovation #HDBRenovation #InteriorDesignSingapore #HomeRenovationSG #RenovationInspo"
Zenith Arc (Interior Design Company Singapore),2,1438407514068060,Zenith Arc,12 Apr 2026,https://www.facebook.com/ads/library/?id=1438407514068060,ad_screenshots/Zenith_Arc_Interior_Design_Company_Singapore_1438407514068060_advertiser_fallback.svg,advertiser:@zenitharc.sg,"✨ Tired of messy counters ruining your kitchen vibe? ✨
Here’s how designers keep it clean and stylish:
✅ Hidden towel storage = no more eyesores
✅ Concealed piping = seamless modern look
✅ Handle-less cabinets = minimalist elegance
These details are the difference between ordinary and Pinterest-worthy.
👉 Want to see how we transform HDB kitchens with space-saving tricks? Tap the link in bio before planning your reno.
#SingaporeInteriorDesign #KitchenDesignTips #HDBKitchen #HomeRenovationSG #ZenithArc"
Zenith Arc (Interior Design Company Singapore),3,2195732077849322,Zenith Arc,4 May 2026,https://www.facebook.com/ads/library/?id=2195732077849322,ad_screenshots/Zenith_Arc_Interior_Design_Company_Singapore_2195732077849322_advertiser_fallback.svg,advertiser:@zenitharc.sg,"POV: You told your ID “I want a Boutique Hotel, not an HDB.” 🍸
Everyone said a living room gym would look “messy.”
They were wrong.
We used black steel, floor-to-ceiling glass, and mirrored partitions to create a Private Wellness Club in the heart of the home. 🏗️
It’s not just a renovation. It’s a psychological hack.
When your home looks this good, “discipline” becomes “desire.”
Swipe to see (you won’t believe it). ⬅️
DM “GLASS” for the full cost breakdown.
#SingaporeInterior #HDBRenovation #HomeGymDesign #LuxuryHDB #InteriorDesignSG"
Zenith Arc (Interior Design Company Singapore),4,1471579431370840,Zenith Arc,28 Apr 2026,https://www.facebook.com/ads/library/?id=1471579431370840,ad_screenshots/Zenith_Arc_Interior_Design_Company_Singapore_1471579431370840_advertiser_fallback.svg,advertiser:@zenitharc.sg,"Seamlessly blend privacy and style with sleek electronic windows—enjoy instant opacity at the touch of a button. The ultimate upgrade for modern living. ✨
What smart design feature can’t you live without? Share your must-have in the comments! 👉
#singaporeinteriordesign #sghomedecor #renovationinsingapore #bto #condo #landedproperty #moderndesign #contemporaryinteriors #interiorinspo #smarthome #homeinnovation #dreamhomesg #interiorstylingsg #modernhomesg #singaporehomes #zenitharc"
Zenith Arc (Interior Design Company Singapore),5,2197915644341983,Zenith Arc,28 Apr 2026,https://www.facebook.com/ads/library/?id=2197915644341983,ad_screenshots/Zenith_Arc_Interior_Design_Company_Singapore_2197915644341983_advertiser_fallback.svg,advertiser:@zenitharc.sg,"⚠️ Your renovation budget won't survive the wrong interior designer. At Zenith Arc, every project comes with CaseTrust deposit protection, transparent line-item quotations, and a dedicated project manager from start to handover. ✔ HDB & BCA registered ✔ 10,000+ homes & commercial spaces completed ✔ Full warranty coverage Get your free renovation consultation
⚠️ Your renovation budget won't survive the wrong interior designer.
At Zenith Arc, every project comes with CaseTrust deposit protection, transparent line-item quotations, and a dedicated project manager from start to handover.
✔ HDB & BCA registered
✔ 10,000+ homes & commercial spaces completed
✔ Full warranty coverage
Get your free renovation consultation"
Zenith Arc (Interior Design Company Singapore),6,1312656927489884,Zenith Arc,29 Apr 2026,https://www.facebook.com/ads/library/?id=1312656927489884,ad_screenshots/Zenith_Arc_Interior_Design_Company_Singapore_1312656927489884_advertiser_fallback.svg,advertiser:@zenitharc.sg,"Everything in this home is a FLEX:
– Pocket door that disappears
– Display cabinet that’s pure ✨vibes✨
– Countertop that cooks but looks invisible
– Sockets you can’t find unless you know where to look
– A built-in dog crate because yes, pets deserve luxury too🐶
.
This is how you design smarter
#interiordesign #interiordesignsg #sginterior #singaporehomes #modernhome #minimalisthome #hdbdesign #hdbrenovation #renovationsg #hdbideas #kitchendesignsg #livingroomdesign #customcarpentry #smartliving #invisibleinduction #pocketdoor #petfriendlyhome #sgig #homedecorsg #zenitharc"
Zenith Arc (Interior Design Company Singapore),7,4330310730448116,Zenith Arc,28 Apr 2026,https://www.facebook.com/ads/library/?id=4330310730448116,ad_screenshots/Zenith_Arc_Interior_Design_Company_Singapore_4330310730448116_advertiser_fallback.svg,advertiser:@zenitharc.sg,"🚪5 Genius Interior Design Hacks You’ll Wish You Knew Sooner!
Welcome to our latest transformation at 134 Jalan Bukit Merah — where every inch of space works harder than it looks! 😍
Here’s how we turned a compact flat into a smart, functional dream home 👇
✨ 1️⃣ Extendable Dining Table – Dinner for two or ten? No problem. It expands only when you need it.
🚪 2️⃣ Synchronised Sliding Door – One smooth glide — easy without bulky frames.
🧺 3️⃣ Hidden Inner Drawer – Secret compartments that keep your clutter out of sight, but within reach.
🍽️ 4️⃣ Pull-Down Dish Rack – Upper cabinet storage made practical (and kinda satisfying to use 😏).
🗄️ 5️⃣ Space Tower Pantry – The ultimate space-saving hack — tall, organized, and everything visible at a glance.
💡 Pro tip: When designed right, even a small HDB can feel spacious, modern, and totally YOU.
📍 134 Jalan Bukit Merah
Designed by @zenitharc.sg — where smart design meets everyday living 💫
#ZenithArc #SingaporeInteriors #HDBRenovation #SpaceSavingDesign #InteriorDesignHacks #HomeInspoSG #SmartLiving #CompactHomeDesign #134JalanBukitMerah #interiordesignsg #renovationsg"
Zenith Arc (Interior Design Company Singapore),8,1285728346461103,Zenith Arc,3 May 2026,https://www.facebook.com/ads/library/?id=1285728346461103,ad_screenshots/Zenith_Arc_Interior_Design_Company_Singapore_1285728346461103_advertiser_fallback.svg,advertiser:@zenitharc.sg,"HDB or Condo? You decide. 🤯
246B Ang Mo Kio just broke the “4-room” mould. We didn’t just renovate; we engineered moments:
The Black Wall: A floor-to-ceiling wardrobe that hides a full cinema setup. 🎬
The Glass Flex: Bifold doors that tuck away a private gym. 🏋️‍♂️
The Sanctuary: A master bath that feels like a $400/night Bali retreat.
We don’t design for square footage. We design for lifestyle.
Save this for your moodboard. 🤍
✨ Designed & built by Zenith Arc | 4× Qanvast SuperTrust Winner
💬 DM “AMK” for the price breakdown + floor plan.
#ZenithArc #AngMoKio #HDBSG #SGRenovation #HiddenStorage"
Zenith Arc (Interior Design Company Singapore),9,2177234256431592,Zenith Arc,3 May 2026,https://www.facebook.com/ads/library/?id=2177234256431592,ad_screenshots/Zenith_Arc_Interior_Design_Company_Singapore_2177234256431592_advertiser_fallback.svg,advertiser:@zenitharc.sg,"POV: You told your ID “I want a Boutique Hotel, not an HDB.” 🍸
Everyone said a living room gym would look “messy.”
They were wrong.
We used black steel, floor-to-ceiling glass, and mirrored partitions to create a Private Wellness Club in the heart of the home. 🏗️
It’s not just a renovation. It’s a psychological hack.
When your home looks this good, “discipline” becomes “desire.”
Swipe to see (you won’t believe it). ⬅️
DM “GLASS” for the full cost breakdown.
#SingaporeInterior #HDBRenovation #HomeGymDesign #LuxuryHDB #InteriorDesignSG"
Zenith Arc (Interior Design Company Singapore),10,1501378535013229,Zenith Arc,28 Apr 2026,https://www.facebook.com/ads/library/?id=1501378535013229,ad_screenshots/Zenith_Arc_Interior_Design_Company_Singapore_1501378535013229_advertiser_fallback.svg,advertiser:@zenitharc.sg,"Your hard-earned savings shouldn't be a gamble. ⚠️ Most renovation horror stories start with a ""missing"" contractors or hidden fees. At Zenith Arc, we've built 10,000+ homes on a foundation of 100% transparency. As a CaseTrust-accredited firm, your deposit is legally protected, and our line-item quotes mean $0 in ""surprise"" costs. ✔ HDB & BCA Registered – No shortcuts, just quality. ✔ Full Warranty Coverage – We stay accountable long after handover. ✔ Dedicated Interior Designer – One point of contact from 3D to Completion. Stop worrying about ""what if"" and start planning ""when."" [Book Free Consultation]
Your hard-earned savings shouldn't be a gamble. ⚠️ Most renovation horror stories start with a ""missing"" contractors or hidden fees.
At Zenith Arc, we've built 10,000+ homes on a foundation of 100% transparency. As a CaseTrust-accredited firm, your deposit is legally protected, and our line-item quotes mean $0 in ""surprise"" costs.
✔ HDB & BCA Registered – No shortcuts, just quality.
✔ Full Warranty Coverage – We stay accountable long after handover.
✔ Dedicated Interior Designer – One point of contact from 3D to Completion.
Stop worrying about ""what if"" and start planning ""when.""
[Book Free Consultation]"
MiD INTERIOR DESIGN PTE LTD,1,1349621170542248,Mid Interior Design,15 Feb 2026,https://www.facebook.com/ads/library/?id=1349621170542248,ad_screenshots/MiD_INTERIOR_DESIGN_PTE_LTD_1349621170542248_advertiser_fallback.svg,advertiser:@midinteriordesignsg,"🏠 BTO • RESALE • CONDO HOMEOWNERS — RENOVATING?Renovate with $6 – $66 Quality Carpentry Deals. Secure your FREE reno quote + design consultation today.
🎉 P6 DEAL – ONLY $6
Sign 1 Package → Choose 2 items at $6
Sign 2 Packages → Choose 4 items at $6
Sign 3 Packages → Choose 6 items at $6
Choose from:
🔹 6ft Casement Wardrobe
🔹 6ft TV Console + Feature Wall
🔹 6ft Study Table + Top Cabinet
🔹 6ft Kitchen Cabinet + Sintered Stone Top
🔹 BLUM Tandembox Kitchen Set
🔹 6 Kitchen Appliances (Hood, Hob, Sink, Tap & more)
🔹 $6 Upgrade to Low Formaldehyde Cabinet
✔ Solid plywood
✔ Selected laminate finish
✔ Soft-close hinges
✔ Durable & scratch-resistant materials
🎉 P66 DEAL – ONLY $66
Sign 1 Package → Choose 1 item at $66
Sign 2 Packages → Choose 2 items at $66
Sign 3 Packages → Choose 3 items at $66
🔹 3 Bedroom Doors + Main Door + 2 Slide & Swing Doors
🔹 6 Bathroom Appliances (Toilet Bowl, Basin Cabinet, Tap, Rain Shower, Heater)
🔹 <popular> 3 Bedroom False Ceiling + Vinyl Flooring
🔥 CASH REBATE UP TO $6,666
Quality workmanship. No gimmicks.
You won’t find this deal anywhere else.
Popular Packages:
🏡 Kitchen Package
🚿 2 Toilets Package
🛋 Living, Dining & Bedroom Package
📍 Showroom:
10 Ubi Crescent #01-22 Lobby B
Ubi Techpark Singapore 408564
📞 Hotline: 6232 7997
📩 Email: mid.ubi@midinterior.com.sg"
New Interior Design,1,2253539855418241,New Interior Design - NEWID,9 May 2026 · Total active time 14 hrs,https://www.facebook.com/ads/library/?id=2253539855418241,ad_screenshots/New_Interior_Design_2253539855418241_advertiser_fallback.svg,advertiser:@newid.sg,"🏡✨ 𝐁𝐓𝐎 𝐃𝐑𝐄𝐀𝐌 𝐇𝐎𝐌𝐄 𝐏𝐀𝐂𝐊𝐀𝐆𝐄 — 𝐎𝐍𝐋𝐘 $𝟕,𝟓𝟖𝟖 😱🔥
Turn your new BTO into a stylish, functional & cozy dream home without breaking the bank 💯🛋️✨ For ONLY $7,588 you’ll get EVERYTHING you need to kickstart your renovation journey 🏠🔨
✅ Interior Design & Space Planning 📐
✅ Home Furnishing Consultation 🛏️🪑
✅ 3D Perspective Drawing 🎨✨
✅ Job Site Coordination 👷‍♂️📋
✅ Demolish Works 🔨
✅ Masonry Works 🧱
✅ Plumbing Works 🚿🚰
✅ Carpentry Works 🚪🪵
✅ Electrical Works 💡⚡
✅ Miscellaneous Items Included 🎁
Why stress when you can leave it to the professionals? 😍 Create a beautiful, practical & comfortable home for your family today ❤️🏡
📲 LIMITED SLOTS AVAILABLE! Contact us NOW for your FREE consultation before the promo ends ⏳🔥
New Interior Design
🏅 HDB CApproved Renovation Company HB-10-4337F
🏅 OHSAS 18001 - Occupational Health & Safety
🏅 BCA Licensed
🏅 bizSAFE Star Certification
🏅 Singapore’s Outstanding Enterprise 新加坡杰出企业奖
🏅 Singapore’s Prestige Brand Award (SPBA)
🏅 Home RenoGuru.sg Best HDB Kitchen Interior Design Award
🏅 CaseTrust
📍 Blk 3 Marsiling Industrial Estate Road 4 #01-33 Singapore 739230
📞 Tel: +65 6366 7478
📧 enquiry@newid.com.sg
🌐
#NewInteriorDesign #NewNidPteLtd #NNidInteriors #InteriorDesignSG #SGInteriors #SingaporeHomes #SGRenovation #HomeInspirationSG #SGLiving #SGHomeDecor
Meta © 2026 |"
Divas Interior Design,1,1718406829167829,Diva's Interior Design,6 May 2026,https://www.facebook.com/ads/library/?id=1718406829167829,ad_screenshots/Divas_Interior_Design_1718406829167829_advertiser_fallback.svg,advertiser:@divasinteriordesign,"Diva Interior has been transforming homes across Singapore for over 10 years, with happy homeowners trusting us to bring their vision to life.
No lock-in. No pressure. No risk.
🔥Rated 4.9/5 | 10+ Years Experience | Happy Homeowners
😱SPECIAL PACKAGES — LIMITED TIME
BTO Premium Flat
From $13,388 (U.P. $15,188)
BTO Standard Flat
From $16,688 (U.P. $18,488)
Kitchen & 2 Toilets
From $25,088 (U.P. $28,088)
Resale Flat (Full Reno)
From $31,988 (U.P. $39,788)
✅Everything included in every package :
Full built-in carpentry (all rooms)
Kitchen, bathroom & toilet works
Flooring, electrical & plumbing
LED lighting & feature walls
Full flat painting
Free 3D design drawings
Dedicated project manager throughout
✅Confirm today & get FREE gifts :
10ft Casement Wardrobe (laminate finish)
$300 Cash Voucher
Mitsubishi Aircon Unit
👏What our homeowners are saying :
""Diva Interior made our BTO feel like a luxury condo. Professional, on time, and quality beyond expectations.""
— Sarah L., Punggol BTO — 5/5
""Zero hidden costs and our project manager kept us updated every step of the way. Highly recommended!""
— Marcus T., Resale Flat Owner — 5/5
""Stress-free from start to finish. We love our new home!""
— Priya & Raj, Sengkang BTO — 5/5
Why homeowners choose Diva Interior :
10+ years of proven experience
100% refundable deposit
Transparent pricing, no hidden costs
On-time delivery, every time
Your deposit is 100% refundable if you change your mind.
We only commit you when YOU are ready.
Drop us a DM or click the link below to get your FREE quote today.
Submit the form — it takes less than 1 minute."
Divas Interior Design,2,1266390838606619,Diva's Interior Design,6 May 2026,https://www.facebook.com/ads/library/?id=1266390838606619,ad_screenshots/Divas_Interior_Design_1266390838606619_advertiser_fallback.svg,advertiser:@divasinteriordesign,"Sometimes the best homes are the ones that feel effortlessly comfortable.
This space pairs warm wood textures with soft ambient lighting to create a relaxed and inviting atmosphere. Concealed storage keeps the space uncluttered, while display niches bring personality into the living area.
A home designed for quiet evenings, everyday living, and moments that truly feel like home.
𝐅𝐨𝐫 𝐦𝐨𝐫𝐞 𝐨𝐟 𝐨𝐮𝐫 𝐩𝐨𝐫𝐭𝐟𝐨𝐥𝐢𝐨𝐬
>
𝐅𝐨𝐫 𝐚 𝐧𝐨-𝐨𝐛𝐥𝐢𝐠𝐚𝐭𝐢𝐨𝐧 𝐜𝐨𝐧𝐬𝐮𝐥𝐭𝐚𝐭𝐢𝐨𝐧, 𝐜𝐨𝐧𝐭𝐚𝐜𝐭 𝐮𝐬 𝐭𝐨𝐝𝐚𝐲 𝐭𝐡𝐫𝐨𝐮𝐠𝐡 𝐭𝐡𝐞 𝐟𝐨𝐥𝐥𝐨𝐰𝐢𝐧𝐠 𝐥𝐢𝐧𝐞𝐬:
☎️ +65 6462 3833 (West Showroom)
☎️ +65 6312 3833 (East Showroom)
𝐎𝐮𝐫 𝐥𝐨𝐜𝐚𝐭𝐢𝐨𝐧
Showroom @ West: 18 Boon Lay Way #01-136 Tradehub 21, S(609966)
Showroom @ East: 114 Lavender St #07-61 CT Hub 2 S(338729)
#DivasInterior"
Divas Interior Design,3,1011624305143392,Diva's Interior Design,6 May 2026,https://www.facebook.com/ads/library/?id=1011624305143392,ad_screenshots/Divas_Interior_Design_1011624305143392_advertiser_fallback.svg,advertiser:@divasinteriordesign,"Lighting has the power to completely change how a home feels.
As daylight fades, the atmosphere slowly shifts. Warm ambient lighting begins to take over, highlighting textures, softening corners, and creating a more intimate environment throughout the space.
From the living area to the bedrooms and bathrooms, each lighting layer is carefully planned to support different moments of the day. Bright and refreshing during the day, calm and inviting in the evening.
Because a well-designed home should feel just as beautiful after sunset.
𝐅𝐨𝐫 𝐦𝐨𝐫𝐞 𝐨𝐟 𝐨𝐮𝐫 𝐩𝐨𝐫𝐭𝐟𝐨𝐥𝐢𝐨𝐬
>
𝐅𝐨𝐫 𝐚 𝐧𝐨-𝐨𝐛𝐥𝐢𝐠𝐚𝐭𝐢𝐨𝐧 𝐜𝐨𝐧𝐬𝐮𝐥𝐭𝐚𝐭𝐢𝐨𝐧, 𝐜𝐨𝐧𝐭𝐚𝐜𝐭 𝐮𝐬 𝐭𝐨𝐝𝐚𝐲 𝐭𝐡𝐫𝐨𝐮𝐠𝐡 𝐭𝐡𝐞 𝐟𝐨𝐥𝐥𝐨𝐰𝐢𝐧𝐠 𝐥𝐢𝐧𝐞𝐬:
☎️ +65 6462 3833 (West Showroom)
☎️ +65 6312 3833 (East Showroom)
𝐎𝐮𝐫 𝐥𝐨𝐜𝐚𝐭𝐢𝐨𝐧
Showroom @ West: 18 Boon Lay Way 01-136 Tradehub 21, S(609966) Showroom @ East: 114 Lavender St 07-61 CT Hub 2 S(338729)
#DivasInterior #InteriorDesign #Interior #HomeInterior #RenovationSingapore"
Divas Interior Design,4,961536583327818,Diva's Interior Design,6 May 2026,https://www.facebook.com/ads/library/?id=961536583327818,ad_screenshots/Divas_Interior_Design_961536583327818_advertiser_fallback.svg,advertiser:@divasinteriordesign,"Lighting is often overlooked, but it’s one of the most important elements in a home.
In this project, we focused on layering different types of lighting — from soft cove lighting to under-cabinet strips and feature highlights — to create depth and improve how each space feels throughout the day.
It’s not just about brightness. Good lighting enhances textures, defines zones, and makes your home feel more comfortable and complete.
If you’re planning your renovation, don’t leave lighting as an afterthought — it can completely change the way you experience your space.
𝐅𝐨𝐫 𝐦𝐨𝐫𝐞 𝐨𝐟 𝐨𝐮𝐫 𝐩𝐨𝐫𝐭𝐟𝐨𝐥𝐢𝐨𝐬
>
𝐅𝐨𝐫 𝐚 𝐧𝐨-𝐨𝐛𝐥𝐢𝐠𝐚𝐭𝐢𝐨𝐧 𝐜𝐨𝐧𝐬𝐮𝐥𝐭𝐚𝐭𝐢𝐨𝐧, 𝐜𝐨𝐧𝐭𝐚𝐜𝐭 𝐮𝐬 𝐭𝐨𝐝𝐚𝐲 𝐭𝐡𝐫𝐨𝐮𝐠𝐡 𝐭𝐡𝐞 𝐟𝐨𝐥𝐥𝐨𝐰𝐢𝐧𝐠 𝐥𝐢𝐧𝐞𝐬:
☎️ +65 6462 3833 (West Showroom)
☎️ +65 6312 3833 (East Showroom)
𝐎𝐮𝐫 𝐥𝐨𝐜𝐚𝐭𝐢𝐨𝐧
Showroom @ West: 18 Boon Lay Way #01-136 Tradehub 21, S(609966) Showroom @ East: 114 Lavender St #07-61 CT Hub 2 S(338729)
#DivasInterior #InteriorDesign #Interior #HomeInterior #RenovationSingapore #HomeDesign"
Divas Interior Design,5,907664478998585,Diva's Interior Design,8 May 2026,https://www.facebook.com/ads/library/?id=907664478998585,ad_screenshots/Divas_Interior_Design_907664478998585_advertiser_fallback.svg,advertiser:@divasinteriordesign,"A home designed for calm, clarity, and everyday living 🤍
This space embraces a soft Japandi approach — where clean lines meet warm tones to create a home that feels both minimal and inviting. From the open living area to the softly lit kitchen and cosy, moody bedrooms, every corner is thoughtfully designed to balance function and comfort.
Layered lighting, built-in carpentry, and subtle curves come together to create a space that feels effortless — yet intentional.
Because good design isn’t just how it looks, but how it makes you feel ✨
𝐅𝐨𝐫 𝐦𝐨𝐫𝐞 𝐨𝐟 𝐨𝐮𝐫 𝐩𝐨𝐫𝐭𝐟𝐨𝐥𝐢𝐨𝐬
>
𝐅𝐨𝐫 𝐚 𝐧𝐨-𝐨𝐛𝐥𝐢𝐠𝐚𝐭𝐢𝐨𝐧 𝐜𝐨𝐧𝐬𝐮𝐥𝐭𝐚𝐭𝐢𝐨𝐧, 𝐜𝐨𝐧𝐭𝐚𝐜𝐭 𝐮𝐬 𝐭𝐨𝐝𝐚𝐲 𝐭𝐡𝐫𝐨𝐮𝐠𝐡 𝐭𝐡𝐞 𝐟𝐨𝐥𝐥𝐨𝐰𝐢𝐧𝐠 𝐥𝐢𝐧𝐞𝐬:
☎️ +65 6462 3833 (West Showroom)
☎️ +65 6312 3833 (East Showroom)
𝐎𝐮𝐫 𝐥𝐨𝐜𝐚𝐭𝐢𝐨𝐧
Showroom @ West: 18 Boon Lay Way #01-136 Tradehub 21, S(609966) Showroom @ East: 114 Lavender St #07-61 CT Hub 2 S(338729)
#DivasInterior #InteriorDesign #Interior #HomeInterior #RenovationSingapore #HomeDesign
Meta © 2026 |"
MET Interior,1,1255811439343534,Met Interior,1 Feb 2026,https://www.facebook.com/ads/library/?id=1255811439343534,ad_screenshots/MET_Interior_1255811439343534_advertiser_fallback.svg,advertiser:@met.interior,"METINTERIOR.COM.SG
Complimentary Design Consultation"
MET Interior,2,1275178841326069,Met Interior,1 Feb 2026,https://www.facebook.com/ads/library/?id=1275178841326069,ad_screenshots/MET_Interior_1275178841326069_advertiser_fallback.svg,advertiser:@met.interior,"METINTERIOR.COM.SG
Complimentary Design Consultation"
MET Interior,3,752318164249326,Met Interior,28 Aug 2025,https://www.facebook.com/ads/library/?id=752318164249326,ad_screenshots/MET_Interior_752318164249326_advertiser_fallback.svg,advertiser:@met.interior,"Join our team of designers and shape spaces that makes a statement. Whether you’re seasoned or just starting out, we value your creativity. Mentorship, diverse projects, and incentives await. 📩 Send your resume to info@metinterior.sg
Join our team of designers and shape spaces that makes a statement.
Whether you’re seasoned or just starting out, we value your creativity.
Mentorship, diverse projects, and incentives await.
📩 Send your resume to info@metinterior.sg"
MET Interior,4,1065313702256108,Met Interior,28 Aug 2025,https://www.facebook.com/ads/library/?id=1065313702256108,ad_screenshots/MET_Interior_1065313702256108_advertiser_fallback.svg,advertiser:@met.interior,"Join our passionate team of designers and unlock a world of creativity and innovation! 🎨✨ Whether you're a seasoned pro or just starting your design journey, we welcome your unique talents. Mentorship, diverse projects, and attractive incentives await. It's time to shape spaces and make your mark. Send us your resumes today! 💼✉️
#InteriorDesignersWanted #JoinOurTeam #CreativeJourney"
MET Interior,5,1413236273876715,Met Interior,1 Feb 2026,https://www.facebook.com/ads/library/?id=1413236273876715,ad_screenshots/MET_Interior_1413236273876715_advertiser_fallback.svg,advertiser:@met.interior,"METINTERIOR.COM.SG
Complimentary Design Consultation"
MET Interior,6,1333329781977976,Met Interior,6 May 2026,https://www.facebook.com/ads/library/?id=1333329781977976,ad_screenshots/MET_Interior_1333329781977976_advertiser_fallback.svg,advertiser:@met.interior,"From the glass-framed kitchen to the integrated storage and softly lit niches, the design focuses on clarity, flow, and everyday comfort. Start your hassle-free journey with us. DM for Complimentary Interior Design Consultation✨
From the glass-framed kitchen to the integrated storage and softly lit niches, the design focuses on clarity, flow, and everyday comfort.
Start your hassle-free journey with us. DM for Complimentary Interior Design Consultation✨"
MET Interior,7,3861347437506937,Met Interior,6 May 2026,https://www.facebook.com/ads/library/?id=3861347437506937,ad_screenshots/MET_Interior_3861347437506937_advertiser_fallback.svg,advertiser:@met.interior,"Grounded in tatami, shaped by Japandi calm.
Visit Instagram profile"
MET Interior,8,944578938342645,Met Interior,6 May 2026,https://www.facebook.com/ads/library/?id=944578938342645,ad_screenshots/MET_Interior_944578938342645_advertiser_fallback.svg,advertiser:@met.interior,"Muted stone, ambient glow, everyday luxury."
MET Interior,9,2026549551597587,Met Interior,6 May 2026,https://www.facebook.com/ads/library/?id=2026549551597587,ad_screenshots/MET_Interior_2026549551597587_advertiser_fallback.svg,advertiser:@met.interior,"A comfortable, conducive space makes all the difference. A bright, airy Japandi corner with layered function — workspace, bookshelf, and a quiet tatami rest spot.
A comfortable, conducive space makes all the difference.
A bright, airy Japandi corner with layered function — workspace, bookshelf, and a quiet tatami rest spot."
MET Interior,10,1484518073686697,Met Interior,6 May 2026,https://www.facebook.com/ads/library/?id=1484518073686697,ad_screenshots/MET_Interior_1484518073686697_advertiser_fallback.svg,advertiser:@met.interior,"Grounded in tatami, shaped by Japandi calm."
Edgeline Planners @ IMM Mall,1,1439785937436025,Edgeline Planners,27 Apr 2026,https://www.facebook.com/ads/library/?id=1439785937436025,ad_screenshots/Edgeline_Planners_IMM_Mall_1439785937436025_advertiser_fallback.svg,advertiser:@edgeline_planners,"Thoughtful design is the highest form of hospitality. Start your home journey with us.
Let’s define your sanctuary."
Edgeline Planners @ IMM Mall,2,883547174742120,Edgeline Planners,30 Apr 2026,https://www.facebook.com/ads/library/?id=883547174742120,ad_screenshots/Edgeline_Planners_IMM_Mall_883547174742120_advertiser_fallback.svg,advertiser:@edgeline_planners,"Can a home have 3 dogs and a Luxury Living without the mess?
-
For most working couples in Singapore,
the dream of a Quiet Luxury home often feels at odds
with the reality of active pets.
When designer Jay first met this couple in
their River Valley condo,
the challenge was clear:
how do we create a sanctuary that respects
their professional need for calm without
restricting their love for their dogs?
Instead of choosing pet-proof furniture
that looked industrial,
Jay applied Material Logic.
/ The Wood: Vertical-slatted American Walnut for height and rhythm.
/ The Layout: A low-profile sectional that preserves the architectural flow.
/ The Soul: The essence of Song Chi (松弛感)—a home that breathes.
This is the essence of Song Chi (松弛感).
It is the relief of coming home to a space that breathes.
Every detail, from the soft recessed lighting to the tactile wood grain,
was chosen to quiet the mind.
With a 25-year legacy, Edgeline Planners doesn't just renovate;
we solve the friction between your lifestyle and your four walls.
Comment 'DOGS' if you want to
see our pet-friendly material cheatsheet,
or 'RENO' to start your own transformation.
The Epitome of Good Design
Experience our vision of quiet luxury:
📍 Office / IMM Mall #03-132/133
📍 Showroom / 136 Tembeling Road
🌐 Explore:
#EdgelinePlanners #QuietLuxury #RiverValleyCondo #InteriorDesignSG #SingaporeInteriorDesign #WarmMinimalism #SongChi #MaterialLogic #WarmMinimalism #CustomJoinery #松弛感 #静奢风 #LivingRoomInspo"
Edgeline Planners @ IMM Mall,3,2040247923589278,Edgeline Planners,30 Apr 2026,https://www.facebook.com/ads/library/?id=2040247923589278,ad_screenshots/Edgeline_Planners_IMM_Mall_2040247923589278_advertiser_fallback.svg,advertiser:@edgeline_planners,"Can a high-end sanctuary actually be dog-friendly?
Most luxury homes sacrifice comfort for style,
but for this River Valley sanctuary,
designer Jay utilized Material Logic to create a
masterpiece that welcomes three French Bulldogs
without losing its Quiet Luxury soul.
The journey begins with vertical-slatted American Walnut
that draws the eye upward to create height and rhythm,
seamlessly leading into a low-profile sectional designed
to host the whole family without
breaking the room’s architectural flow.
This is the true essence of Song Chi (松弛感)—
a home that breathes with you.
From the precision of the recessed lighting to
the tactile warmth of the wood grain,
every detail is refined for the modern working couple
who refuses to choose between elegance and their pets.
Planning a renovation? Comment ""RENO"" below.
#EdgelinePlanners #QuietLuxury #RiverValleyCondo #SongChi #MaterialLogic #InteriorDesignSG #BespokeInteriors #松弛感 #静奢风"
Swiss Interior Design,1,4244070192471826,Swiss Interior,25 Mar 2026,https://www.facebook.com/ads/library/?id=4244070192471826,ad_screenshots/Swiss_Interior_Design_4244070192471826_advertiser_fallback.svg,advertiser:@swissinterior,Visit Instagram Profile
Swiss Interior Design,2,1600210457946293,Swiss Interior,29 Mar 2026,https://www.facebook.com/ads/library/?id=1600210457946293,ad_screenshots/Swiss_Interior_Design_1600210457946293_advertiser_fallback.svg,advertiser:@swissinterior,"100+ homes viewed. Countless weekends spent. And still, nothing felt right. Most people would have settled. Yvonne didn't. Instead, she kept searching until she walked through the door of this Bukit Timah condo and felt something she hadn't felt in any of the others. What was it? Tap below to read the full story.
100+ homes viewed. Countless weekends spent. And still, nothing felt right.
Most people would have settled. Yvonne didn't. Instead, she kept searching until she walked through the door of this Bukit Timah condo and felt something she hadn't felt in any of the others.
What was it? Tap below to read the full story."
Swiss Interior Design,3,1853550251968507,Swiss Interior,25 Mar 2026,https://www.facebook.com/ads/library/?id=1853550251968507,ad_screenshots/Swiss_Interior_Design_1853550251968507_advertiser_fallback.svg,advertiser:@swissinterior,"In a modern luxe home, lighting is not just functional. It is part of the overall design. Notice how the warm glow behind the wardrobe’s reeded glass panels creates a soft, diffused light that feels like a luxury boutique hotel. In the dining area, the sculptural chandelier does more than light up the table. It becomes the visual centre of the room. Lighting is thoughtfully layered through ambient, accent and task sources so the home feels elegant and well balanced at any time of day. At Swiss Interior, lighting design is never an afterthought. It is one of the most important ways we bring a modern luxe space to life. The difference is something you feel the moment you step into the home. If you are planning to renovate your home, check out Swiss Interior and discover how thoughtful lighting design can transform the way your space looks and feels. ✨
In a modern luxe home, lighting is not just functional. It is part of the overall design.
Notice how the warm glow behind the wardrobe’s reeded glass panels creates a soft, diffused light that feels like a luxury boutique hotel. In the dining area, the sculptural chandelier does more than light up the table. It becomes the visual centre of the room. Lighting is thoughtfully layered through ambient, accent and task sources so the home feels elegant and well balanced at any time of day.
At Swiss Interior, lighting design is never an afterthought. It is one of the most important ways we bring a modern luxe space to life. The difference is something you feel the moment you step into the home.
If you are planning to renovate your home, check out Swiss Interior and discover how thoughtful lighting design can transform the way your space looks and feels. ✨"
Swiss Interior Design,4,1614238023271822,Swiss Interior,24 Mar 2026,https://www.facebook.com/ads/library/?id=1614238023271822,ad_screenshots/Swiss_Interior_Design_1614238023271822_advertiser_fallback.svg,advertiser:@swissinterior,"Home isn't just four walls. It's the morning light that falls just right, the corner that tells a story, the detail that only you would notice. ✨ The team at Swiss Interior had the privilege of transforming Yvonne Lim's home. And today, she's opening the doors to show you the result. Every room, every finish, every design choice was born from a deep desire to create something truly extraordinary. From the moment you step through the front door, you feel it. A space so thoughtfully crafted, so full of soul, that it takes your breath away. This isn't just a beautifully designed home. This is a dream, made real. Come take a peek inside. 🏡 👇 Watch the full tour and discover the beauty that unfolds behind every door.
Home isn't just four walls.
It's the morning light that falls just right, the corner that tells a story, the detail that only you would notice. ✨
The team at Swiss Interior had the privilege of transforming Yvonne Lim's home. And today, she's opening the doors to show you the result.
Every room, every finish, every design choice was born from a deep desire to create something truly extraordinary. From the moment you step through the front door, you feel it. A space so thoughtfully crafted, so full of soul, that it takes your breath away. This isn't just a beautifully designed home. This is a dream, made real.
Come take a peek inside. 🏡
👇 Watch the full tour and discover the beauty that unfolds behind every door."
Swiss Interior Design,5,939902248593550,Swiss Interior,25 Mar 2026,https://www.facebook.com/ads/library/?id=939902248593550,ad_screenshots/Swiss_Interior_Design_939902248593550_advertiser_fallback.svg,advertiser:@swissinterior,"Every great interior starts with one simple question: how should this space make you feel?
At Swiss Interior, that question guides every design decision. It is why we pair elegant marble surfaces with the warmth of natural wood. It is why we design cabinetry that blends into the wall to keep spaces clean and uncluttered. We layer lighting such as ambient, task and accent so a room transitions beautifully from day to night. We also choose textures and colours that create a sense of calm.
Great design is not about chasing trends. It is about understanding how space, light, materials and proportion come together to feel truly yours. It is knowing when to add and when to take away.
From the statement TV feature wall to thoughtfully styled shelves, from an open plan kitchen that flows into the living area to a quiet corner that becomes your favourite spot, every inch is thoughtfully considered.
Because a well designed home is not a luxury. It is the standard you deserve.
If you are planning to renovate your home, check out Swiss Interior and see how we can design a space that truly fits the way you live.
🏠 HDB or condo, we design for the way you live."
Swiss Interior Design,6,2377184849458343,Swiss Interior,25 Mar 2026,https://www.facebook.com/ads/library/?id=2377184849458343,ad_screenshots/Swiss_Interior_Design_2377184849458343_advertiser_fallback.svg,advertiser:@swissinterior,"Imagine ending every single day like this.
Stepping into a bedroom so calm, so beautiful, and so completely yours that the moment you walk in, the rest of the world fades away. The soft glow of a pendant light warms the room. A headboard rises all the way to the ceiling, wrapping the space in quiet luxury. Curtains filter the last of the evening light perfectly. It is a bedroom that does not just look like it belongs in a magazine. It feels like the sanctuary you have always deserved.
Just next door is a study that inspires you to sit down and do your best work. Your favourite pieces are thoughtfully lit and displayed in a way that makes them feel important, because they are.
This is the home you have been dreaming about. A home where every corner feels purposeful and every room feels thoughtfully planned, and every morning you wake up grateful for the life you are living. Swiss Interior makes that dream a reality, one beautifully designed space at a time.
If you are planning to renovate your home, check out Swiss Interior and start creating a space you will love coming back to every day. ✨"
Swiss Interior Design,7,819738807867022,Swiss Interior,28 Apr 2026,https://www.facebook.com/ads/library/?id=819738807867022,ad_screenshots/Swiss_Interior_Design_819738807867022_advertiser_fallback.svg,advertiser:@swissinterior,"Welcome to this Scandinavian-inspired home, a minimalist home that was designed around one simple concept: less clutter, more life.
This is one of 3,000+ homes we've transformed across Singapore. And in 12+ years, not a single one looks the same. Every space is designed around the people living in it, down to the last detail.
And the job doesn't stop when the renovation does. Every home we design comes with after-sales support, so you're taken care of long after move-in day.
Curious what something like this would look like for your home?
Book a free consultation call with us to learn more, via the form below✨"
Swiss Interior Design,8,2729211920789573,Swiss Interior,4 May 2026,https://www.facebook.com/ads/library/?id=2729211920789573,ad_screenshots/Swiss_Interior_Design_2729211920789573_advertiser_fallback.svg,advertiser:@swissinterior,"At Swiss Interior, every space is designed around your needs and daily routine. Because your home should be uniquely yours. ✅ CaseTrust accredited ✅ 3,000+ homes transformed across Singapore ✅ After-sales support, even after renovation completion If you've been putting off renovating because you don't know where to start, that's exactly what our free consultation is for. Click the button below to reach out to our team. Kick-start your renovation today ✨
At Swiss Interior, every space is designed around your needs and daily routine. Because your home should be uniquely yours.
✅ CaseTrust accredited
✅ 3,000+ homes transformed across Singapore
✅ After-sales support, even after renovation completion
If you've been putting off renovating because you don't know where to start, that's exactly what our free consultation is for.
Click the button below to reach out to our team. Kick-start your renovation today ✨"
Swiss Interior Design,9,951587491133011,Swiss Interior,28 Apr 2026,https://www.facebook.com/ads/library/?id=951587491133011,ad_screenshots/Swiss_Interior_Design_951587491133011_advertiser_fallback.svg,advertiser:@swissinterior,"Take a peek into Nic's day as an Interior Designer, the routine, the work, and what keeps him going.
Every home he designs starts with a real conversation. Because good design isn't just about how the home looks, it's about how the design works for the homeowners living in it.
What Nic loves most is getting to know the people behind each project, because once you understand how someone lives day to day, everything just clicks into place.
This is one of 3,000+ homes we've transformed across Singapore. And in 12+ years, not a single one looks the same. Every space is designed around the people living in it, down to the last detail.
And the job doesn't stop when the renovation does. Every home we design comes with after-sales support, so you're taken care of long after move-in day.
If you're thinking about renovating and don't know where to start, book a free consultation with our team today via the form below 👇"
Swiss Interior Design,10,849643507507685,Swiss Interior,4 May 2026,https://www.facebook.com/ads/library/?id=849643507507685,ad_screenshots/Swiss_Interior_Design_849643507507685_advertiser_fallback.svg,advertiser:@swissinterior,"At Swiss Interior, every space is designed around your needs and daily routine. Because your home should be uniquely yours. ✅ CaseTrust accredited ✅ 3,000+ homes transformed across Singapore ✅ After-sales support, even after renovation completion If you've been putting off renovating because you don't know where to start, that's exactly what our free consultation is for. Click the button below to reach out to our team. Kick-start your renovation today ✨
At Swiss Interior, every space is designed around your needs and daily routine. Because your home should be uniquely yours.
✅ CaseTrust accredited
✅ 3,000+ homes transformed across Singapore
✅ After-sales support, even after renovation completion
If you've been putting off renovating because you don't know where to start, that's exactly what our free consultation is for.
Click the button below to reach out to our team. Kick-start your renovation today ✨"
OVON Design (Balestier),1,691943863997926,OVON design,2 Apr 2026,https://www.facebook.com/ads/library/?id=691943863997926,ad_screenshots/OVON_Design_Balestier_691943863997926_advertiser_fallback.svg,advertiser:@ovon_design,"Designing your home isn’t just about how it looks, it’s how it feels to live in every day. Most homeowners don’t lack ideas, they just don’t know what works. That’s where we come in. If you’re planning your space, explore how we design homes that actually work for everyday living.
Designing your home isn’t just about how it looks, it’s how it feels to live in every day.
Most homeowners don’t lack ideas, they just don’t know what works. That’s where we come in. If you’re planning your space, explore how we design homes that actually work for everyday living."
OVON Design (Balestier),2,26320044750956441,OVON design,16 Apr 2026,https://www.facebook.com/ads/library/?id=26320044750956441,ad_screenshots/OVON_Design_Balestier_26320044750956441_advertiser_fallback.svg,advertiser:@ovon_design,"Are you an Interior Design Consultant looking for your next opportunity? We’re expanding our team and looking for motivated designers who enjoy working with homeowners and bringing renovation visions to life. If you’re passionate about design and ready to grow, apply with us today.
Are you an Interior Design Consultant looking for your next opportunity?
We’re expanding our team and looking for motivated designers who enjoy working with homeowners and bringing renovation visions to life.
If you’re passionate about design and ready to grow, apply with us today."
OVON Design (Balestier),3,1630882818202149,OVON design,5 May 2026,https://www.facebook.com/ads/library/?id=1630882818202149,ad_screenshots/OVON_Design_Balestier_1630882818202149_advertiser_fallback.svg,advertiser:@ovon_design,"A home where music doesn‘t just play—it actually lives 🎹
For Vanessa, the piano is where she teaches, plays, and shares those quiet, wonder-filled moments with her toddler. We didn’t just find a spot for the keys; we built the entire home around them.
From the foyer’s circular cutout that perfectly frames the first note you see to the curved ceilings that carry the sound through the house, every inch is designed to celebrate her craft. It’s a beautiful reminder that your home should be a stage for the things you love most.
Crescendo House
Location: PLANTATION CRESCENT
Type: HDB - 5 Room"
OVON Design (Balestier),4,2449143142248558,OVON design,5 May 2026,https://www.facebook.com/ads/library/?id=2449143142248558,ad_screenshots/OVON_Design_Balestier_2449143142248558_advertiser_fallback.svg,advertiser:@ovon_design,"A home where music doesn‘t just play—it actually lives 🎹 For Vanessa, the piano is where she teaches, plays, and shares those quiet, wonder-filled moments with her toddler. We didn’t just find a spot for the keys; we built the entire home around them. From the foyer’s circular cutout that perfectly frames the first note you see to the curved ceilings that carry the sound through the house, every inch is designed to celebrate her craft. It’s a beautiful reminder that your home should be a stage for the things you love most. Is there a ”centerpiece“ in your life that your home should be built around?
A home where music doesn‘t just play—it actually lives 🎹
For Vanessa, the piano is where she teaches, plays, and shares those quiet, wonder-filled moments with her toddler. We didn’t just find a spot for the keys; we built the entire home around them.
From the foyer’s circular cutout that perfectly frames the first note you see to the curved ceilings that carry the sound through the house, every inch is designed to celebrate her craft. It’s a beautiful reminder that your home should be a stage for the things you love most.
Is there a ”centerpiece“ in your life that your home should be built around?"
OVON Design (Balestier),5,1805857730390498,OVON design,5 May 2026,https://www.facebook.com/ads/library/?id=1805857730390498,ad_screenshots/OVON_Design_Balestier_1805857730390498_advertiser_fallback.svg,advertiser:@ovon_design,"Most people see a vast, empty BTO and think “more walls.” We saw a blank sheet of music waiting for a melody.
Vanessa and her husband needed their new home to balance her piano teaching, a growing toddler, and their shared love of music. Instead of cutting up the space with heavy partitions, we used curved ceilings and smart lighting to define the zones naturally.
It transformed a standard open floor plan into a fluid sanctuary where the grand piano finally has room to breathe.
Save this if you’re looking to define your open-plan home without closing it off. 🕊️
—
Crescendo House
Location: PLANTATION CRESCENT
Type: HDB - 5 Room
#interiordesign #pianoteacher #bto"
OVON Design (Balestier),6,1307499311315943,OVON design,5 May 2026,https://www.facebook.com/ads/library/?id=1307499311315943,ad_screenshots/OVON_Design_Balestier_1307499311315943_advertiser_fallback.svg,advertiser:@ovon_design,"A home where music doesn‘t just play—it actually lives 🎹
For Vanessa, the piano is where she teaches, plays, and shares those quiet, wonder-filled moments with her toddler. We didn’t just find a spot for the keys; we built the entire home around them.
From the foyer’s circular cutout that perfectly frames the first note you see to the curved ceilings that carry the sound through the house, every inch is designed to celebrate her craft. It’s a beautiful reminder that your home should be a stage for the things you love most.
Is there a ”centerpiece“ in your life that your home should be built around?
——
Crescendo House
Location: PLANTATION CRESCENT
Type: HDB - 5 Room
#interiordesign #bto #pianoteacher"
Space Factor Pte Ltd,1,834607532235832,Space Factor,1 Apr 2026,https://www.facebook.com/ads/library/?id=834607532235832,ad_screenshots/Space_Factor_Pte_Ltd_834607532235832_advertiser_fallback.svg,advertiser:@spacefactor_interior,"BOUTIQUE INTERIOR DESIGN | SHORT CONSULTATION ✨
📍 SPACE FACTOR INTERIOR | SINGAPORE
At Space Factor Interior, we listen, we create.
Whether you’re renovating an HDB, condo, or landed property, our team delivers a home that reflects your vision and exceeds expectations.
What you can expect:
✔️ Personalized design for your home and lifestyle 🔥
✔️ Practical planning to improve daily living 🔥
✔️ Quality workmanship by our in-house team
✔️ A smooth, fuss-free renovation experience
⭐️ Book a SHORT Design Consultation and let us help you reimagine your space.
—
📍 SPACE FACTOR INTERIOR
122 Eunos Ave 7 #08-02/03
Richfield Industrial Centre, Singapore 409575
📩 Inbox us or book your SHORT consultation today
📱 WhatsApp: +65 9853 3659"
Space Factor Pte Ltd,2,1295061745458243,Space Factor,8 May 2026,https://www.facebook.com/ads/library/?id=1295061745458243,ad_screenshots/Space_Factor_Pte_Ltd_1295061745458243_advertiser_fallback.svg,advertiser:@spacefactor_interior,"BOUTIQUE INTERIOR DESIGN | SHORT CONSULTATION ✨
📍 SPACE FACTOR INTERIOR | SINGAPORE
At Space Factor Interior, we listen, we create.
Whether you’re renovating an HDB, condo, or landed property, our team delivers a home that reflects your vision and exceeds expectations.
What you can expect:
✔️ Personalized design for your home and lifestyle 🔥
✔️ Practical planning to improve daily living 🔥
✔️ Quality workmanship by our in-house team
✔️ A smooth, fuss-free renovation experience
⭐️ Book a SHORT Design Consultation and let us help you reimagine your space.
—
📍 SPACE FACTOR INTERIOR
122 Eunos Ave 7 #08-02/03
Richfield Industrial Centre, Singapore 409575
📩 Inbox us or book your SHORT consultation today
📱 WhatsApp: +65 9853 3659"
Space Factor Pte Ltd,3,1501520461621831,Space Factor,8 May 2026,https://www.facebook.com/ads/library/?id=1501520461621831,ad_screenshots/Space_Factor_Pte_Ltd_1501520461621831_advertiser_fallback.svg,advertiser:@spacefactor_interior,"BOUTIQUE INTERIOR DESIGN | SHORT CONSULTATION ✨
📍 SPACE FACTOR INTERIOR | SINGAPORE
At Space Factor Interior, we listen, we create.
Whether you’re renovating an HDB, condo, or landed property, our team delivers a home that reflects your vision and exceeds expectations.
What you can expect:
✔️ Personalized design for your home and lifestyle 🔥
✔️ Practical planning to improve daily living 🔥
✔️ Quality workmanship by our in-house team
✔️ A smooth, fuss-free renovation experience
⭐️ Book a SHORT Design Consultation and let us help you reimagine your space.
—
📍 SPACE FACTOR INTERIOR
122 Eunos Ave 7 #08-02/03
Richfield Industrial Centre, Singapore 409575
📩 Inbox us or book your SHORT consultation today
📱 WhatsApp: +65 9853 3659"
SEIJI Interior,1,1317964440215119,SEIJI Interior,21 Apr 2026,https://www.facebook.com/ads/library/?id=1317964440215119,ad_screenshots/SEIJI_Interior_1317964440215119_advertiser_fallback.svg,advertiser:@seijiinterior,"Walkthrough of this Parisian themed home!
Moving away from the typical layout, we created a private transition of spaces that flows into a light-filled living heart.
Project: 306 PUNGGOL
Style: PARISIAN
Type: 4RM BTO"
SEIJI Interior,2,1419118440227482,SEIJI Interior,11 Mar 2026,https://www.facebook.com/ads/library/?id=1419118440227482,ad_screenshots/SEIJI_Interior_1419118440227482_advertiser_fallback.svg,advertiser:@seijiinterior,"For this 5-room BTO, we embraced an Organic Modern aesthetic, layering creamy whites with warm oak to create a “cloud-like” sanctuary.
Project: 306A Tengah
Type: 5RM BTO"
SEIJI Interior,3,949035427734434,SEIJI Interior,21 Apr 2026,https://www.facebook.com/ads/library/?id=949035427734434,ad_screenshots/SEIJI_Interior_949035427734434_advertiser_fallback.svg,advertiser:@seijiinterior,"From sunlit mornings to moody evenings.
This integrated mirror and LED display is always OOTD ready.
Project: 216C BIDADARI
Style: EARTHY MODERN
Type: 4RM BTO"
SEIJI Interior,4,2445482252554283,SEIJI Interior,27 Mar 2026,https://www.facebook.com/ads/library/?id=2445482252554283,ad_screenshots/SEIJI_Interior_2445482252554283_advertiser_fallback.svg,advertiser:@seijiinterior,"Finding beauty in the details.
In this project, the combination of dark walnut and rounded carpentry creates a sense of groundedness and calm.
Strategic storage niches ensure that even the busiest family home can maintain a clean, minimalist look.
Project: 589 PASIR RIS
Style: MODERN CONTEMPORARY
Type: 5RM BTO"
SEIJI Interior,5,955186244073460,SEIJI Interior,21 Apr 2026,https://www.facebook.com/ads/library/?id=955186244073460,ad_screenshots/SEIJI_Interior_955186244073460_advertiser_fallback.svg,advertiser:@seijiinterior,"An overview of this chic Parisian home, shaped by a unique layout.
Project: 306 PUNGGOL
Style: PARISIAN
Type: 4RM RESALE"
SEIJI Interior,6,26245181878511627,SEIJI Interior,2 May 2026,https://www.facebook.com/ads/library/?id=26245181878511627,ad_screenshots/SEIJI_Interior_26245181878511627_advertiser_fallback.svg,advertiser:@seijiinterior,"Our take on Earthy Modernism at Bidadari.
We paired sintered stone and limewash with dark wood tones to keep things grounded. From the curved island to the walk-in wardrobe, it's all about that balance of a sophisticated look and a relaxed, ""unfiltered"" feel.
Project: 216C BIDADARI
Style: EARTHY MODERN
Type: 4RM BTO"
SEIJI Interior,7,2748712655469640,SEIJI Interior,21 Apr 2026,https://www.facebook.com/ads/library/?id=2748712655469640,ad_screenshots/SEIJI_Interior_2748712655469640_advertiser_fallback.svg,advertiser:@seijiinterior,"Romanticizing the everyday✨
Project: 306 PUNGGOL
Style: PARISIAN
Type: 4RM BTO"
Areana Creation Pte Ltd,1,1206617171605949,Areana Creation Interior Design,12 Jan 2026,https://www.facebook.com/ads/library/?id=1206617171605949,ad_screenshots/Areana_Creation_Pte_Ltd_1206617171605949_advertiser_fallback.svg,advertiser:@areanacreation,"ᴀ ꜱᴘᴀᴄᴇ ᴅᴇꜱɪɢɴᴇᴅ ꜰᴏʀ ꜱʟᴏᴡɪɴɢ ᴅᴏᴡɴ. Warm timber tones, layered lighting, and a low coffee table give the room a tranquil, grounded atmosphere 🍵 Project // 311 Ubi Ave Designer // Joreen Lau
ᴀ ꜱᴘᴀᴄᴇ ᴅᴇꜱɪɢɴᴇᴅ ꜰᴏʀ ꜱʟᴏᴡɪɴɢ ᴅᴏᴡɴ.
Warm timber tones, layered lighting, and a low coffee table give the room a tranquil, grounded atmosphere 🍵
Project // 311 Ubi Ave
Designer // Joreen Lau"
Areana Creation Pte Ltd,2,1366176611969592,Areana Creation Interior Design,28 Apr 2026,https://www.facebook.com/ads/library/?id=1366176611969592,ad_screenshots/Areana_Creation_Pte_Ltd_1366176611969592_advertiser_fallback.svg,advertiser:@areanacreation,"The homeowners wanted a space that could host gatherings with ease, while still offering privacy in their master bedroom. So we hacked down one of the rooms to create an open communal space, and incorporated darker tones in the master bedroom to shape a more intimate retreat.
The homeowners wanted a space that could host gatherings with ease, while still offering privacy in their master bedroom.
So we hacked down one of the rooms to create an open communal space, and incorporated darker tones in the master bedroom to shape a more intimate retreat."
Areana Creation Pte Ltd,3,1468914524971789,Areana Creation Interior Design,27 Apr 2026,https://www.facebook.com/ads/library/?id=1468914524971789,ad_screenshots/Areana_Creation_Pte_Ltd_1468914524971789_advertiser_fallback.svg,advertiser:@areanacreation,"Hey furry homeowners - this one’s for you.
Custom cat holes built right into the entryway carpentry, so your cats can roam, peek, and judge you from above. Form meets function, whiskers included.
Meow. #catsg
Project // 95C Circuit Road
Designer // @jo.interiorspace"
Areana Creation Pte Ltd,4,1011865951509897,Areana Creation Interior Design,6 May 2026,https://www.facebook.com/ads/library/?id=1011865951509897,ad_screenshots/Areana_Creation_Pte_Ltd_1011865951509897_advertiser_fallback.svg,advertiser:@areanacreation,"Kitchen Cabinet from $2,188"
Areana Creation Pte Ltd,5,1452439649538332,Areana Creation Interior Design,6 May 2026,https://www.facebook.com/ads/library/?id=1452439649538332,ad_screenshots/Areana_Creation_Pte_Ltd_1452439649538332_advertiser_fallback.svg,advertiser:@areanacreation,"Kitchen Carpentry from $2,188"
REGO Interior Design,1,776883244894164,Rego Interior Design,5 Sep 2025,https://www.facebook.com/ads/library/?id=776883244894164,ad_screenshots/REGO_Interior_Design_776883244894164_advertiser_fallback.svg,advertiser:@regointeriordesign,"GET YOUR ENTIRE RESALE HOME RENOVATED FROM JUST $23,888!💰 ⏳ Limited time only promotion! 🏠 Includes kitchen, two bathrooms, bedrooms, and living room 🚧 Hacking, masonry, flooring, waterproofing, painting, carpentry 🎁 FREE upgrades worth $2,888 💯 No hidden costs, 100% quote transparency ⏰ No project delays, get your project completed within 10 weeks 😊💕 Over 100 satisfied homeowners have transformed their home with REGO Interior 🚨 This offer is only limited to the first 7 signups So hurry and click below to redeem your exclusive now!
GET YOUR ENTIRE RESALE HOME RENOVATED FROM JUST $23,888!💰
⏳ Limited time only promotion!
🏠 Includes kitchen, two bathrooms, bedrooms, and living room
🚧 Hacking, masonry, flooring, waterproofing, painting, carpentry
🎁 FREE upgrades worth $2,888
💯 No hidden costs, 100% quote transparency
⏰ No project delays, get your project completed within 10 weeks
😊💕 Over 100 satisfied homeowners have transformed their home with REGO Interior
🚨 This offer is only limited to the first 7 signups
So hurry and click below to redeem your exclusive now!"
REGO Interior Design,2,1138988521685693,Rego Interior Design,5 Nov 2025,https://www.facebook.com/ads/library/?id=1138988521685693,ad_screenshots/REGO_Interior_Design_1138988521685693_advertiser_fallback.svg,advertiser:@regointeriordesign,"🚨 𝗚𝗲𝘁 𝗮 𝗰𝗼𝗺𝗽𝗹𝗲𝘁𝗲 𝗛𝗗𝗕 𝗸𝗶𝘁𝗰𝗵𝗲𝗻 𝗺𝗮𝗸𝗲𝗼𝘃𝗲𝗿 𝗳𝗼𝗿 𝗷𝘂𝘀𝘁 $𝟰,𝟱𝟴𝟴 (𝗨𝗣: $𝟴,𝟭𝟵𝟵)!
✅ Free design consultation & quote
✅ Full kitchen design
✅ 20ft top & bottom cabinets
✅ 10ft quartz worktop
✅ 10ft glass backing
AND get these free upgrades - LIMITED SETS ONLY!
🎁 ABS Trimming and soft closing hinges for all cabinet doors
🎁 3-Tier Drawer with soft closing hinges
🎁 Aluminium Frame Frosted Glass Panel Door x1
🎁 Plastic Cutlery Tray x1
🎁 2-Tier Dish Rack x1
Other Package Options:
BTO Move In Packages from $8888
HDB Resale Kitchen Package - $5,088
HDB Resale Toilet Package - $5,688
HDB Resale Kitchen + 2 Toilets Package - $15,888
Why choose us?
✅ Affordable
✅ Experienced
✅ Pay with Credit Card and earn points
🚨⏰ Offer is limited to this month only!
👇 Click below to secure this limited deal now!
*terms and conditions apply."
REGO Interior Design,3,875296044926349,Rego Interior Design,31 Oct 2025,https://www.facebook.com/ads/library/?id=875296044926349,ad_screenshots/REGO_Interior_Design_875296044926349_advertiser_fallback.svg,advertiser:@regointeriordesign,"𝗛𝗮𝗿𝗶 𝗥𝗮𝘆𝗮 𝗦𝗮𝗹𝗲!! 🚨 𝗚𝗲𝘁 𝗮 𝗰𝗼𝗺𝗽𝗹𝗲𝘁𝗲 𝗛𝗗𝗕 𝗸𝗶𝘁𝗰𝗵𝗲𝗻 𝗺𝗮𝗸𝗲𝗼𝘃𝗲𝗿 𝗳𝗼𝗿 𝗷𝘂𝘀𝘁 $𝟰,𝟱𝟴𝟴 (𝗨𝗣: $𝟴,𝟭𝟵𝟵)!
✅ Free design consultation & quote
✅ Full kitchen design
✅ 20ft top & bottom cabinets
✅ 10ft quartz worktop
✅ 10ft glass backing
AND get these free upgrades - LIMITED SETS ONLY!
🎁 ABS Trimming and soft closing hinges for all cabinet doors
🎁 3-Tier Drawer with soft closing hinges
🎁 Aluminium Frame Frosted Glass Panel Door x1
🎁 Plastic Cutlery Tray x1
🎁 2-Tier Dish Rack x1
Other Package Options:
BTO Move In Packages from $8888
HDB Resale Kitchen Package - $5,088
HDB Resale Toilet Package - $5,688
HDB Resale Kitchen + 2 Toilets Package - $15,888
Why choose us?
✅ Affordable
✅ Experienced
✅ Pay with Credit Card and earn points
🚨⏰ Offer is limited to this month only!
👇 Click below to secure this limited deal now!
*terms and conditions apply."
REGO Interior Design,4,24561059550260978,Rego Interior Design,31 Oct 2025,https://www.facebook.com/ads/library/?id=24561059550260978,ad_screenshots/REGO_Interior_Design_24561059550260978_advertiser_fallback.svg,advertiser:@regointeriordesign,"𝗛𝗮𝗿𝗶 𝗥𝗮𝘆𝗮 𝗦𝗮𝗹𝗲!! 🚨 𝗚𝗲𝘁 𝗮 𝗰𝗼𝗺𝗽𝗹𝗲𝘁𝗲 𝗛𝗗𝗕 𝗸𝗶𝘁𝗰𝗵𝗲𝗻 𝗺𝗮𝗸𝗲𝗼𝘃𝗲𝗿 𝗳𝗼𝗿 𝗷𝘂𝘀𝘁 $𝟰,𝟱𝟴𝟴 (𝗨𝗣: $𝟴,𝟭𝟵𝟵)!
✅ Free design consultation & quote
✅ Full kitchen design
✅ 20ft top & bottom cabinets
✅ 10ft quartz worktop
✅ 10ft glass backing
AND get these free upgrades - LIMITED SETS ONLY!
🎁 ABS Trimming and soft closing hinges for all cabinet doors
🎁 3-Tier Drawer with soft closing hinges
🎁 Aluminium Frame Frosted Glass Panel Door x1
🎁 Plastic Cutlery Tray x1
🎁 2-Tier Dish Rack x1
Other Package Options:
BTO Move In Packages from $8888
HDB Resale Kitchen Package - $5,088
HDB Resale Toilet Package - $5,688
HDB Resale Kitchen + 2 Toilets Package - $15,888
Why choose us?
✅ Affordable
✅ Experienced
✅ Pay with Credit Card and earn points
🚨⏰ Offer is limited to this month only!
👇 Click below to secure this limited deal now!
*terms and conditions apply."
REGO Interior Design,5,24897172413309598,Rego Interior Design,31 Oct 2025,https://www.facebook.com/ads/library/?id=24897172413309598,ad_screenshots/REGO_Interior_Design_24897172413309598_advertiser_fallback.svg,advertiser:@regointeriordesign,"𝗛𝗮𝗿𝗶 𝗥𝗮𝘆𝗮 𝗦𝗮𝗹𝗲!! 🚨 𝗚𝗲𝘁 𝗮 𝗰𝗼𝗺𝗽𝗹𝗲𝘁𝗲 𝗛𝗗𝗕 𝗸𝗶𝘁𝗰𝗵𝗲𝗻 𝗺𝗮𝗸𝗲𝗼𝘃𝗲𝗿 𝗳𝗼𝗿 𝗷𝘂𝘀𝘁 $𝟰,𝟱𝟴𝟴 (𝗨𝗣: $𝟴,𝟭𝟵𝟵)!
✅ Free design consultation & quote
✅ Full kitchen design
✅ 20ft top & bottom cabinets
✅ 10ft quartz worktop
✅ 10ft glass backing
AND get these free upgrades - LIMITED SETS ONLY!
🎁 ABS Trimming and soft closing hinges for all cabinet doors
🎁 3-Tier Drawer with soft closing hinges
🎁 Aluminium Frame Frosted Glass Panel Door x1
🎁 Plastic Cutlery Tray x1
🎁 2-Tier Dish Rack x1
Other Package Options:
BTO Move In Packages from $8888
HDB Resale Kitchen Package - $5,088
HDB Resale Toilet Package - $5,688
HDB Resale Kitchen + 2 Toilets Package - $15,888
Why choose us?
✅ Affordable
✅ Experienced
✅ Pay with Credit Card and earn points
🚨⏰ Offer is limited to this month only!
👇 Click below to secure this limited deal now!
*terms and conditions apply."
REGO Interior Design,6,808136798848649,Rego Interior Design,31 Oct 2025,https://www.facebook.com/ads/library/?id=808136798848649,ad_screenshots/REGO_Interior_Design_808136798848649_advertiser_fallback.svg,advertiser:@regointeriordesign,"𝗛𝗮𝗿𝗶 𝗥𝗮𝘆𝗮 𝗦𝗮𝗹𝗲!! 🚨 𝗚𝗲𝘁 𝗮 𝗰𝗼𝗺𝗽𝗹𝗲𝘁𝗲 𝗛𝗗𝗕 𝗸𝗶𝘁𝗰𝗵𝗲𝗻 𝗺𝗮𝗸𝗲𝗼𝘃𝗲𝗿 𝗳𝗼𝗿 𝗷𝘂𝘀𝘁 $𝟰,𝟱𝟴𝟴 (𝗨𝗣: $𝟴,𝟭𝟵𝟵)!
✅ Free design consultation & quote
✅ Full kitchen design
✅ 20ft top & bottom cabinets
✅ 10ft quartz worktop
✅ 10ft glass backing
AND get these free upgrades - LIMITED SETS ONLY!
🎁 ABS Trimming and soft closing hinges for all cabinet doors
🎁 3-Tier Drawer with soft closing hinges
🎁 Aluminium Frame Frosted Glass Panel Door x1
🎁 Plastic Cutlery Tray x1
🎁 2-Tier Dish Rack x1
Other Package Options:
BTO Move In Packages from $8888
HDB Resale Kitchen Package - $5,088
HDB Resale Toilet Package - $5,688
HDB Resale Kitchen + 2 Toilets Package - $15,888
Why choose us?
✅ Affordable
✅ Experienced
✅ Pay with Credit Card and earn points
🚨⏰ Offer is limited to this month only!
👇 Click below to secure this limited deal now!
*terms and conditions apply."
REGO Interior Design,7,1444215993516387,Rego Interior Design,5 Sep 2025,https://www.facebook.com/ads/library/?id=1444215993516387,ad_screenshots/REGO_Interior_Design_1444215993516387_advertiser_fallback.svg,advertiser:@regointeriordesign,"GET YOUR ENTIRE RESALE HOME RENOVATED FROM JUST $23,888!💰 ⏳ Limited time only promotion! 🏠 Includes kitchen, two bathrooms, bedrooms, and living room 🚧 Hacking, masonry, flooring, waterproofing, painting, carpentry 🎁 FREE upgrades worth $2,888 💯 No hidden costs, 100% quote transparency ⏰ No project delays, get your project completed within 10 weeks 😊💕 Over 100 satisfied homeowners have transformed their home with REGO Interior 🚨 This offer is only limited to the first 7 signups So hurry and click below to redeem your exclusive now!
GET YOUR ENTIRE RESALE HOME RENOVATED FROM JUST $23,888!💰
⏳ Limited time only promotion!
🏠 Includes kitchen, two bathrooms, bedrooms, and living room
🚧 Hacking, masonry, flooring, waterproofing, painting, carpentry
🎁 FREE upgrades worth $2,888
💯 No hidden costs, 100% quote transparency
⏰ No project delays, get your project completed within 10 weeks
😊💕 Over 100 satisfied homeowners have transformed their home with REGO Interior
🚨 This offer is only limited to the first 7 signups
So hurry and click below to redeem your exclusive now!"
Free Space Intent,1,1666279887843892,Free Space Intent Pte Ltd,19 Apr 2026,https://www.facebook.com/ads/library/?id=1666279887843892,ad_screenshots/Free_Space_Intent_1666279887843892_advertiser_fallback.svg,advertiser:@freespaceintent,"A first look at this colourful 4-room BTO in Toa Payoh. Designed with curves and arched details to soften the space, while pastel tones and ambient lighting add a light, playful touch throughout.
Every corner feels fun, warm and full of character!
Free Space Intent Pte Ltd
📍8 Ubi Road 2, #02-07 Singapore 408538
📱WhatsApp: +65 8625 7932"
Free Space Intent,2,1602778167609495,Free Space Intent Pte Ltd,5 Mar 2026,https://www.facebook.com/ads/library/?id=1602778167609495,ad_screenshots/Free_Space_Intent_1602778167609495_advertiser_fallback.svg,advertiser:@freespaceintent,"A modern luxury home designed for everyday comfort with a refined edge. Rich, darker tones, marble-like finishes, and layered lighting set the mood, while full-height panelling adds depth and character throughout the space. Polished enough to impress, yet warm enough to truly live in.
Free Space Intent Pte Ltd
📍8 Ubi Road 2, #02-07 Singapore 408538
📱WhatsApp: +65 8625 7932
#sginterior #sgcondo #sghomereno #sgrenovation
Modern luxurious hotel interior design"
Free Space Intent,3,846270798513173,Free Space Intent Pte Ltd,16 Apr 2026,https://www.facebook.com/ads/library/?id=846270798513173,ad_screenshots/Free_Space_Intent_846270798513173_advertiser_fallback.svg,advertiser:@freespaceintent,"A vibrant tapestry of personal style, this HDB terrace was carefully curated to showcase the homeowner's diverse passions, from music and books to a stunning crystal collection. Housing just two bedrooms, the interior takes on a captivating Spanish theme, with a lively interplay of bright orange and yellow hues that grace both the living and kitchen spaces.
An extension was thoughtfully incorporated into the smaller bathroom upstairs, transforming it into a spacious haven complete with a bathtub. Retaining key architectural elements, including the front bifold doors and the arch window in the kitchen, anchors the design in authenticity. The imperfections are integral to the soulful charm that defines every corner of this Spanish-themed HDB terrace.
💬 Let’s create your dream home! Book a complimentary design consultation with us now #linkinbio
#FreeSpaceIntent #sghomereno #sgrenovation #sgreno #sghome #sghomes #renovationsg #sginterior #sginteriordesign #interiordesignsingapore #interiorsg #interiordesign #sghomeinterior #sghomeinspo #sghomeinteriors #sghomeinspiration #sghomeinteriordesign #comtemporaryinteriors #comtemporaryinteriordesign #spanishinteriors #spanishinfluence #spanishinterior #hdbterrace #hdbdesign #hdbresale #hdbrenovation #hdbreno #hdbsg #hdbinteriordesign"
Free Space Intent,4,1263588535932670,Free Space Intent Pte Ltd,23 Apr 2026,https://www.facebook.com/ads/library/?id=1263588535932670,ad_screenshots/Free_Space_Intent_1263588535932670_advertiser_fallback.svg,advertiser:@freespaceintent,"A home that plays with mood and movement, where soft curves, playful colours, and even the lighting becomes part of the design.
Every corner flows with a light, everyday charm.
Free Space Intent Pte Ltd
📍8 Ubi Road 2, #02-07 Singapore 408538
📱WhatsApp: +65 8625 7932
#sginterior #sghdb #sghomereno #sgrenovation"
Free Space Intent,5,2200254440730892,Free Space Intent Pte Ltd,8 May 2026,https://www.facebook.com/ads/library/?id=2200254440730892,ad_screenshots/Free_Space_Intent_2200254440730892_advertiser_fallback.svg,advertiser:@freespaceintent,"Soft curves and pastel tones come together to create a bedroom that feels both playful and calming. Instead of separating the vanity and sleeping area completely, the custom divider doubles up as a vanity nook and hidden storage feature, keeping the space open while still creating a sense of privacy.
Free Space Intent Pte Ltd
📍8 Ubi Road 2, #02-07 Singapore 408538
📱WhatsApp: +65 8625 7932
#sginterior #sghdb #sghomereno #sgrenovation"
Free Space Intent,6,952368270611148,Free Space Intent Pte Ltd,16 Apr 2026,https://www.facebook.com/ads/library/?id=952368270611148,ad_screenshots/Free_Space_Intent_952368270611148_advertiser_fallback.svg,advertiser:@freespaceintent,"A modern luxury home designed for everyday comfort with a refined edge. Rich, darker tones, marble-like finishes, and layered lighting set the mood, while full-height panelling adds depth and character throughout the space. Polished enough to impress, yet warm enough to truly live in.
Free Space Intent Pte Ltd
📍8 Ubi Road 2, #02-07 Singapore 408538
📱WhatsApp: +65 8625 7932
#sginterior #sgcondo #sghomereno #sgrenovation
Modern luxurious hotel interior design"
Ethan Interiors Design Studio,1,987886620337645,Ethan Interiors Design Studio,14 Apr 2026,https://www.facebook.com/ads/library/?id=987886620337645,ad_screenshots/Ethan_Interiors_Design_Studio_987886620337645_advertiser_fallback.svg,advertiser:@ethaninteriors,"A home should feel as good as it looks. At Ethan Interiors, we design around the way you live, shaping spaces with clarity, warmth, and intention. If you’re planning your home, speak with our designers.
A home should feel as good as it looks.
At Ethan Interiors, we design around the way you live, shaping spaces with clarity, warmth, and intention.
If you’re planning your home, speak with our designers."
Ethan Interiors Design Studio,2,2067781400834573,Ethan Interiors Design Studio,4 May 2026,https://www.facebook.com/ads/library/?id=2067781400834573,ad_screenshots/Ethan_Interiors_Design_Studio_2067781400834573_advertiser_fallback.svg,advertiser:@ethaninteriors,"Thoughtful design goes beyond how a space looks. We create homes that feel considered, functional, and easy to live in.
Thoughtful design goes beyond how a space looks.
We create homes that feel considered, functional, and easy to live in."
Ethan Interiors Design Studio,3,2057823521466826,Ethan Interiors Design Studio,4 May 2026,https://www.facebook.com/ads/library/?id=2057823521466826,ad_screenshots/Ethan_Interiors_Design_Studio_2057823521466826_advertiser_fallback.svg,advertiser:@ethaninteriors,"Designed to feel right, in natural light by day, and in a warm, controlled glow at night. Because good design isn’t dependent on lighting. It’s built into every detail.
Designed to feel right, in natural light by day, and in a warm, controlled glow at night.
Because good design isn’t dependent on lighting. It’s built into every detail."
Ethan Interiors Design Studio,4,981419984422685,Ethan Interiors Design Studio,4 May 2026,https://www.facebook.com/ads/library/?id=981419984422685,ad_screenshots/Ethan_Interiors_Design_Studio_981419984422685_advertiser_fallback.svg,advertiser:@ethaninteriors,"A well-designed home works, feels right, and fits naturally into your daily life. We design and build spaces that are functional, considered, and made to last. Start your home journey with us.
A well-designed home works, feels right, and fits naturally into your daily life.
We design and build spaces that are functional, considered, and made to last.
Start your home journey with us."
Ethan Interiors Design Studio,5,1294929482087363,Ethan Interiors Design Studio,4 May 2026,https://www.facebook.com/ads/library/?id=1294929482087363,ad_screenshots/Ethan_Interiors_Design_Studio_1294929482087363_advertiser_fallback.svg,advertiser:@ethaninteriors,"At its best, a home feels effortless. Considered in detail, yet natural in how it lives.
At its best, a home feels effortless.
Considered in detail, yet natural in how it lives."
Ethan Interiors Design Studio,6,1727730848397061,Ethan Interiors Design Studio,8 May 2026,https://www.facebook.com/ads/library/?id=1727730848397061,ad_screenshots/Ethan_Interiors_Design_Studio_1727730848397061_advertiser_fallback.svg,advertiser:@ethaninteriors,"A home should reflect the people living in it. Personal, functional, and built around everyday moments.
ETHANINTERIORS.COM
Intentional Homes, Timeless Design
Designed with intention, built for living.
Meta © 2026 |"
GinGko Interior Solutions,1,944923391844399,GinGko Interior Solutions,17 Apr 2026,https://www.facebook.com/ads/library/?id=944923391844399,ad_screenshots/GinGko_Interior_Solutions_944923391844399_advertiser_fallback.svg,advertiser:@gingko,"If you’re planning a renovation in 2026, read this before you decide anything.
We’re opening up our SuperSaver Pricing*, but only for a limited time.
💥 Kitchen Top & Bottom, from $88/ft
💥 Casement Wardrobe, from $188/ft
💥 Sliding Wardrobe, from $218/ft
This is not a “marketing price”. It’s a clear, structured rate card so you know exactly what goes into your renovation. No guessing, no surprise add-ons halfway through.
If you’ve been thinking about renovating, this is the moment to secure clarity before costs move.
📩 Limited availability. First come, first served.
📍4 Defu South Street 1 #06-18, JTC Defu Industrial City, Singapore 533756
📞+65 8881 1883
*Promo valid for project with $15k minimum value."
GinGko Interior Solutions,2,1471428327771058,GinGko Interior Solutions,29 Apr 2026,https://www.facebook.com/ads/library/?id=1471428327771058,ad_screenshots/GinGko_Interior_Solutions_1471428327771058_advertiser_fallback.svg,advertiser:@gingko,"Upgrade your kitchen the smart way, aluminium without the premium price.
At GinGko Interior Solutions, we bring you durable aluminium kitchen cabinets at prices made for homeowners. Built to last, built for everyday living.
💰 Aluminium Kitchen Cabinet Price List
✔️ Top Hung Cabinet from $135/ft run
✔️ Bottom Cabinet from $155/ft run
✔️ Full Height Cabinet from $450/ft run
✨ Why Aluminium?
✔️ Zero Formaldehyde
✔️ Waterproof
✔️ Anti-Termite
Renovate with confidence now. Let’s chat!
📍 4 Defu South Street 1, JTC Defu Industrial City, #06-18
📞 9038 4333"
GinGko Interior Solutions,3,967831662609080,GinGko Interior Solutions,17 Apr 2026,https://www.facebook.com/ads/library/?id=967831662609080,ad_screenshots/GinGko_Interior_Solutions_967831662609080_advertiser_fallback.svg,advertiser:@gingko,"If you’re planning a renovation in 2026, read this before you decide anything.
We’re opening up our SuperSaver Pricing*, but only for a limited time.
💥 Kitchen Top & Bottom, from $88/ft
💥 Casement Wardrobe, from $188/ft
💥 Sliding Wardrobe, from $218/ft
This is not a “marketing price”. It’s a clear, structured rate card so you know exactly what goes into your renovation. No guessing, no surprise add-ons halfway through.
If you’ve been thinking about renovating, this is the moment to secure clarity before costs move.
📩 Limited availability. First come, first served.
📍4 Defu South Street 1 #06-18, JTC Defu Industrial City, Singapore 533756
📞+65 8881 1883
*Promo valid for project with $15k minimum value."
GinGko Interior Solutions,4,1536934364700599,GinGko Interior Solutions,8 May 2026,https://www.facebook.com/ads/library/?id=1536934364700599,ad_screenshots/GinGko_Interior_Solutions_1536934364700599_advertiser_fallback.svg,advertiser:@gingko,"Why pay ID prices when you can renovate direct? At GinGko, you work straight with the contractor, no middleman, no unnecessary markup, just honest pricing from the source. We are one of Singapore’s largest renovation contractors with our own in-house factory, we control quality and cost from start to finish. ✔️ Direct contractor pricing ✔️ In-house factory & carpentry production ✔️ Whole house packages from $23,888 ✔️ 100% transparent pricing ✔️ Experienced renovation team with end-to-end project handling Looking for something more customised? Contact us at 8881 1883 for more details on the renovation packages.
Why pay ID prices when you can renovate direct?
At GinGko, you work straight with the contractor, no middleman, no unnecessary markup, just honest pricing from the source.
We are one of Singapore’s largest renovation contractors with our own in-house factory, we control quality and cost from start to finish.
✔️ Direct contractor pricing
✔️ In-house factory & carpentry production
✔️ Whole house packages from $23,888
✔️ 100% transparent pricing
✔️ Experienced renovation team with end-to-end project handling
Looking for something more customised?
Contact us at 8881 1883 for more details on the renovation packages."
GinGko Interior Solutions,5,4299626453623037,GinGko Interior Solutions,8 May 2026,https://www.facebook.com/ads/library/?id=4299626453623037,ad_screenshots/GinGko_Interior_Solutions_4299626453623037_advertiser_fallback.svg,advertiser:@gingko,"Why pay ID prices when you can renovate direct? At GinGko, you work straight with the contractor, no middleman, no unnecessary markup, just honest pricing from the source. We are one of Singapore’s largest renovation contractors with our own in-house factory, we control quality and cost from start to finish. ✔️ Direct contractor pricing ✔️ In-house factory & carpentry production ✔️ Whole house packages from $23,888 ✔️ 100% transparent pricing ✔️ Experienced renovation team with end-to-end project handling Looking for something more customised? Contact us at 8881 1883 for more details on the renovation packages.
Why pay ID prices when you can renovate direct?
At GinGko, you work straight with the contractor, no middleman, no unnecessary markup, just honest pricing from the source.
We are one of Singapore’s largest renovation contractors with our own in-house factory, we control quality and cost from start to finish.
✔️ Direct contractor pricing
✔️ In-house factory & carpentry production
✔️ Whole house packages from $23,888
✔️ 100% transparent pricing
✔️ Experienced renovation team with end-to-end project handling
Looking for something more customised?
Contact us at 8881 1883 for more details on the renovation packages."
GinGko Interior Solutions,6,2413398132509543,GinGko Interior Solutions,8 May 2026,https://www.facebook.com/ads/library/?id=2413398132509543,ad_screenshots/GinGko_Interior_Solutions_2413398132509543_advertiser_fallback.svg,advertiser:@gingko,"Why pay ID prices when you can renovate direct? At GinGko, you work straight with the contractor, no middleman, no unnecessary markup, just honest pricing from the source. We are one of Singapore’s largest renovation contractors with our own in-house factory, we control quality and cost from start to finish. ✔️ Direct contractor pricing ✔️ In-house factory & carpentry production ✔️ Whole house packages from $23,888 ✔️ 100% transparent pricing ✔️ Experienced renovation team with end-to-end project handling Looking for something more customised? Contact us at 8881 1883 for more details on the renovation packages.
Why pay ID prices when you can renovate direct?
At GinGko, you work straight with the contractor, no middleman, no unnecessary markup, just honest pricing from the source.
We are one of Singapore’s largest renovation contractors with our own in-house factory, we control quality and cost from start to finish.
✔️ Direct contractor pricing
✔️ In-house factory & carpentry production
✔️ Whole house packages from $23,888
✔️ 100% transparent pricing
✔️ Experienced renovation team with end-to-end project handling
Looking for something more customised?
Contact us at 8881 1883 for more details on the renovation packages."
GinGko Interior Solutions,7,1728566821651024,GinGko Interior Solutions,8 May 2026,https://www.facebook.com/ads/library/?id=1728566821651024,ad_screenshots/GinGko_Interior_Solutions_1728566821651024_advertiser_fallback.svg,advertiser:@gingko,"Why pay ID prices when you can renovate direct? At GinGko, you work straight with the contractor, no middleman, no unnecessary markup, just honest pricing from the source. We are one of Singapore’s largest renovation contractors with our own in-house factory, we control quality and cost from start to finish. ✔️ Direct contractor pricing ✔️ In-house factory & carpentry production ✔️ Whole house packages from $23,888 ✔️ 100% transparent pricing ✔️ Experienced renovation team with end-to-end project handling Looking for something more customised? Contact us at 8881 1883 for more details on the renovation packages.
Why pay ID prices when you can renovate direct?
At GinGko, you work straight with the contractor, no middleman, no unnecessary markup, just honest pricing from the source.
We are one of Singapore’s largest renovation contractors with our own in-house factory, we control quality and cost from start to finish.
✔️ Direct contractor pricing
✔️ In-house factory & carpentry production
✔️ Whole house packages from $23,888
✔️ 100% transparent pricing
✔️ Experienced renovation team with end-to-end project handling
Looking for something more customised?
Contact us at 8881 1883 for more details on the renovation packages.
Meta © 2026 |"
Ecasa Studio Pte Ltd,1,1189963396475420,Ecasa Studio Pte Ltd,7 May 2026,https://www.facebook.com/ads/library/?id=1189963396475420,ad_screenshots/Ecasa_Studio_Pte_Ltd_1189963396475420_advertiser_fallback.svg,advertiser:@ecasa_studio,"Less clutter, more comfort. 🤍
This creamy-toned living space combines soft textures, warm ambient lighting, and minimalist detailing to create a modern yet inviting atmosphere.
Style: Creamy
Location: 605C TAMPINES
Type: Resale HDB
#renosg #singapore #interiordesign #hdbreno #livingroom
Meta © 2026 |"
Yujia Concept Decor Pte Ltd,1,714067051752954,Yujia Concept Decor,4 Dec 2025,https://www.facebook.com/ads/library/?id=714067051752954,ad_screenshots/Yujia_Concept_Decor_Pte_Ltd_714067051752954_advertiser_fallback.svg,advertiser:@yujia_interior_design,"💥 𝐒𝐓𝐎𝐏 𝐏𝐀𝐘𝐈𝐍𝐆 $𝟕𝟎𝐊 — 𝐅𝐔𝐋𝐋 𝐇𝐎𝐌𝐄 𝐌𝐀𝐊𝐄𝐎𝐕𝐄𝐑 𝐅𝐑𝐎𝐌 $𝟐𝟐𝐊
Before you commit $70,000–$80,000 to a resale renovation 😮 — pause right here.
Your ENTIRE home makeover now 𝐬𝐭𝐚𝐫𝐭𝐬 𝐟𝐫𝐨𝐦 𝐣𝐮𝐬𝐭 $𝟐𝟐,𝟎𝟎𝟎 ✨
𝐘𝐨𝐮𝐫 𝐂𝐎𝐌𝐏𝐋𝐄𝐓𝐄 𝐡𝐨𝐦𝐞 𝐦𝐚𝐤𝐞𝐨𝐯𝐞𝐫 — 𝐤𝐢𝐭𝐜𝐡𝐞𝐧, 𝐭𝐨𝐢𝐥𝐞𝐭𝐬, 𝐟𝐥𝐨𝐨𝐫𝐢𝐧𝐠, 𝐜𝐚𝐫𝐩𝐞𝐧𝐭𝐫𝐲 𝐚𝐧𝐝 𝐦𝐨𝐫𝐞 — 𝐧𝐨𝐰 𝐬𝐭𝐚𝐫𝐭𝐬 𝐟𝐫𝐨𝐦 𝐣𝐮𝐬𝐭 $𝟐𝟐,𝟎𝟎𝟎 🏠✨
✨𝐖𝐞 𝐜𝐨𝐯𝐞𝐫 𝐞𝐯𝐞𝐫𝐲𝐭𝐡𝐢𝐧𝐠 𝐭𝐡𝐚𝐭 𝐦𝐚𝐭𝐭𝐞𝐫𝐬:✨
🛠 Demolition
🧱 Masonry
🚿 Plumbing
⚡ Electrical
🪚 Carpentry
🎨 Painting
🪵 Vinyl Flooring
👷‍♂️ Full Site Coordination
🛡 Floor Protection Throughout Renovation
𝐅𝐢𝐫𝐬𝐭-𝐭𝐢𝐦𝐞 𝐛𝐮𝐲𝐞𝐫𝐬 𝐞𝐧𝐣𝐨𝐲 𝐩𝐫𝐞𝐦𝐢𝐮𝐦 𝐮𝐩𝐠𝐫𝐚𝐝𝐞𝐬 𝐥𝐢𝐤𝐞 𝐬𝐢𝐧𝐭𝐞𝐫𝐞𝐝 𝐬𝐭𝐨𝐧𝐞 𝐟𝐢𝐧𝐢𝐬𝐡𝐞𝐬, 𝐰𝐚𝐫𝐝𝐫𝐨𝐛𝐞𝐬 & 𝐤𝐢𝐭𝐜𝐡𝐞𝐧 𝐜𝐚𝐛𝐢𝐧𝐞𝐭𝐬 — 𝐚𝐭 𝐧𝐨 𝐞𝐱𝐭𝐫𝐚 𝐬𝐭𝐫𝐞𝐬𝐬 💎
🛡 𝐖𝐚𝐧𝐭 𝐚 𝐬𝐦𝐚𝐫𝐭𝐞𝐫 𝐡𝐨𝐦𝐞? 🛡
💡 Smart Lighting
🪟 Smart Curtains
❄️ Smart Aircon Control
📺 Smart TV
🎶 Smart Music Systems
🎁𝐓𝐡𝐢𝐬 𝐢𝐬 𝐨𝐮𝐫 𝐌𝐚𝐤𝐞𝐨𝐯𝐞𝐫 𝐑𝐞𝐬𝐚𝐥𝐞𝐬 𝐏𝐚𝐜𝐤𝐚𝐠𝐞, 𝐢𝐧𝐜𝐥𝐮𝐝𝐢𝐧𝐠 𝐅𝐑𝐄𝐄 𝐆𝐈𝐅𝐓𝐒 𝐰𝐨𝐫𝐭𝐡 𝐮𝐩 𝐭𝐨 $𝟔,𝟔𝟖𝟖 🎁
Aircon units ❄️
Electrical & lighting upgrades ⚡
Kitchen & bathroom vouchers 🚿
Wardrobes, cabinets & tiles 🪄
📞 𝐋𝐢𝐦𝐢𝐭𝐞𝐝 𝐬𝐥𝐨𝐭𝐬 𝐚𝐯𝐚𝐢𝐥𝐚𝐛𝐥𝐞 — 𝐜𝐨𝐧𝐭𝐚𝐜𝐭 𝐮𝐬 𝐧𝐨𝐰 𝐚𝐧𝐝 𝐥𝐨𝐜𝐤 𝐢𝐧 𝐭𝐡𝐢𝐬 𝐩𝐫𝐢𝐜𝐞
Yujia Concept Decor Pte Ltd
📍 8 Boon Lay Way #02-13 @Tradehub 21 Singapore 609964
📲
📞 Tel: +65 6250 8668
📧 enquiry@yujiainterior.com.sg
🌐
#YuJiaInterior #InteriorDesign #HomeDesign #ModernRustic #LuxuryInteriors #ContemporaryDesign #MinimalistHome #InteriorInspiration #DreamHome #HomeInspo #InteriorGoals #HomeStyling #ModernLiving"
Yujia Concept Decor Pte Ltd,2,1167341975535422,Yujia Concept Decor,4 Dec 2025,https://www.facebook.com/ads/library/?id=1167341975535422,ad_screenshots/Yujia_Concept_Decor_Pte_Ltd_1167341975535422_advertiser_fallback.svg,advertiser:@yujia_interior_design,"🔥 𝐁𝐓𝐎 𝐎𝐰𝐧𝐞𝐫𝐬 — 𝐁𝐞𝐟𝐨𝐫𝐞 𝐘𝐨𝐮 𝐒𝐩𝐞𝐧𝐝 $𝟏𝟎𝐤 𝐭𝐨 $𝟏𝟓𝐤… 𝐖𝐀𝐓𝐂𝐇 𝐓𝐇𝐈𝐒! 🔥
Why overspend on renovation when your entire BTO Package can be fully done from just $𝟔,𝟗𝟖𝟖? Our BTO Premium Package gives you a complete, functional, move-in–ready home — without blowing your budget.
✨ 𝐖𝐡𝐚𝐭 𝐘𝐨𝐮 𝐆𝐞𝐭:✨
🔨 Groundwork Included
🧱 Masonry Works for kitchen & shower bases
🚰 Plumbing Works for sinks, toilets & heaters
🎨 Painting Works for a clean, bright finish
🧰 20ft Custom Kitchen Cabinet — soft-close, PVC finish, Quartz worktop
⚡ 𝐒𝐦𝐚𝐫𝐭 𝐇𝐨𝐦𝐞 𝐔𝐩𝐠𝐫𝐚𝐝𝐞𝐬 𝐀𝐯𝐚𝐢𝐥𝐚𝐛𝐥𝐞:⚡
💡 Smart lighting
🪟 Smart curtain
❄️ Smart aircon control
📺 Smart TV
🎵 Smart music system
🎉 𝐑𝐞𝐚𝐝𝐲 𝐭𝐨 𝐭𝐫𝐚𝐧𝐬𝐟𝐨𝐫𝐦 𝐲𝐨𝐮𝐫 𝐞𝐦𝐩𝐭𝐲 𝐁𝐓𝐎 𝐢𝐧𝐭𝐨 𝐚 𝐫𝐞𝐚𝐥 𝐡𝐨𝐦𝐞? 🎉
Promo slots are limited — once they’re taken, they’re gone.
𝐋𝐨𝐜𝐤 𝐢𝐧 𝐲𝐨𝐮𝐫 𝐩𝐫𝐢𝐜𝐞 𝐧𝐨𝐰 𝐚𝐧𝐝 𝐬𝐞𝐜𝐮𝐫𝐞 𝐭𝐡𝐞 𝐦𝐚𝐤𝐞𝐨𝐯𝐞𝐫 𝐲𝐨𝐮𝐫 𝐁𝐓𝐎 𝐝𝐞𝐬𝐞𝐫𝐯𝐞𝐬!
Yujia Concept Decor Pte Ltd
📍 8 Boon Lay Way #02-13 @Tradehub 21 Singapore 609964
📲
📞 Tel: +65 6250 8668
📧 enquiry@yujiainterior.com.sg
🌐
#YuJiaInterior #InteriorDesign #HomeDesign #ModernRustic #LuxuryInteriors #ContemporaryDesign #MinimalistHome #InteriorInspiration #DreamHome #HomeInspo #InteriorGoals #HomeStyling #ModernLiving"
Yujia Concept Decor Pte Ltd,3,1336380304953289,Yujia Concept Decor,4 Dec 2025,https://www.facebook.com/ads/library/?id=1336380304953289,ad_screenshots/Yujia_Concept_Decor_Pte_Ltd_1336380304953289_advertiser_fallback.svg,advertiser:@yujia_interior_design,"🌟 𝐌𝐀𝐊𝐄𝐎𝐕𝐄𝐑 𝐊𝐈𝐓𝐂𝐇𝐄𝐍 + 𝟐 𝐓𝐎𝐈𝐋𝐄𝐓 𝐏𝐀𝐂𝐊𝐀𝐆𝐄 𝐅𝐑𝐎𝐌 𝐉𝐔𝐒𝐓 $𝟏𝟖,𝟎𝟎𝟎🌟
Upgrade your home with our Makeover Kitchen + 2 Toilet Promotion and experience a fresh, modern transformation that enhances comfort, style, and everyday living. Enjoy a smooth renovation process from start to finish, designed to bring your dream space to life without the stress. Limited slots available — contact us today to secure this special promotion!
👉🏻What’s Included
✅ Demolition Works
✅ Masonry Works
✅ Plumbing Works
✅ Painting Works
✅ Carpentry Works
📋 T&C Apply
✨ Smart Home Upgrade Options available
🌟 Limited slots available — don’t miss out!🌟
👉🏻Contact us today to book your makeover consultation
Yujia Concept Decor Pte Ltd
📍 8 Boon Lay Way #02-13 @Tradehub 21 Singapore 609964
📲
📞 Tel: +65 6250 8668
📧 enquiry@yujiainterior.com.sg
🌐
#YuJiaInterior #InteriorDesign #HomeDesign #ModernRustic #LuxuryInteriors #ContemporaryDesign #MinimalistHome #InteriorInspiration #DreamHome #HomeInspo #InteriorGoals #HomeStyling #ModernLiving"
Yujia Concept Decor Pte Ltd,4,1664175284796004,Yujia Concept Decor,28 Apr 2026,https://www.facebook.com/ads/library/?id=1664175284796004,ad_screenshots/Yujia_Concept_Decor_Pte_Ltd_1664175284796004_advertiser_fallback.svg,advertiser:@yujia_interior_design,"✨ 我们正在招聘 – 室内设计销售 ✨ 想在室内设计行业打造一份长期发展的职业吗？ 加入 Yujia Concept Decor Pte Ltd，与一个互相支持的团队一起成长，享有优质客户资源与清晰的职业发展路线。 📌 招聘职位 ✔ 初级室内设计师（无需经验） ✔ 资深销售型室内设计师 💰 我们提供 * 高额佣金 + 底薪 + 奖金（💵 $3K – $8K） * 每月提供 10–15 位客户资源 * 完善的销售培训与领导力发展 📲 致电 / WhatsApp 联系 Zac：9004 2219
✨ 我们正在招聘 – 室内设计销售 ✨
想在室内设计行业打造一份长期发展的职业吗？
加入 Yujia Concept Decor Pte Ltd，与一个互相支持的团队一起成长，享有优质客户资源与清晰的职业发展路线。
📌 招聘职位
✔ 初级室内设计师（无需经验）
✔ 资深销售型室内设计师
💰 我们提供
* 高额佣金 + 底薪 + 奖金（💵 $3K – $8K）
* 每月提供 10–15 位客户资源
* 完善的销售培训与领导力发展
📲 致电 / WhatsApp 联系 Zac：9004 2219"
Yujia Concept Decor Pte Ltd,5,4668744676685823,Yujia Concept Decor,5 Dec 2025,https://www.facebook.com/ads/library/?id=4668744676685823,ad_screenshots/Yujia_Concept_Decor_Pte_Ltd_4668744676685823_advertiser_fallback.svg,advertiser:@yujia_interior_design,"🔥 𝐑𝐄𝐍𝐎𝐕𝐀𝐓𝐈𝐎𝐍 𝐏𝐑𝐎𝐌𝐎𝐓𝐈𝐎𝐍𝐒 🔥
✨ BTO Premium Package — From $6,988
✨ Makeover Kitchen + 2 Toilet Package — From $18,000
✨ Resale Makeover Package — From $22,000
Create a home that doesn’t just look good — but thinks with you. We provide complete smart home systems including smart lighting, smart curtains, smart aircon control, smart TV setups & full-home music systems, built for convenience, comfort and modern living.
🎁 FREE GIFTS worth up to $6,688
🎁 Hood & Hob
🎁 Sink
🎁 Aircon Vouchers
🎁 Electrical Vouchers
🎁 Wardrobe & Cabinet Vouchers
🎁 Windows & Vinyl Vouchers
🎁 Feature Wall & Tile Vouchers
👉🏻 What’s Included
✅ Hacking & Demolition Works
✅ Masonry & Tiling
✅ Waterproofing
✅ Plumbing & Electrical
✅ Carpentry
✅ Painting
✅ False Ceiling
✅ Vinyl Flooring
✅ Kitchen & Toilet Works
✅ Full Project Management
📋 T&C Apply
✨ Smart Home Upgrade Options Available
🌟 Limited slots available — don’t miss out! 🌟
👉🏻Contact us today to book your makeover consultation
Yujia Concept Decor Pte Ltd
📍 8 Boon Lay Way #02-13 @Tradehub 21 Singapore 609964
📲
📞 Tel: +65 6250 8668
📧 enquiry@yujiainterior.com.sg
🌐
#YuJiaInterior #InteriorDesign #HomeDesign #ModernRustic #LuxuryInteriors #ContemporaryDesign #MinimalistHome #InteriorInspiration #DreamHome #HomeInspo #InteriorGoals #HomeStyling #ModernLiving"
THE MIND DESIGN,1,2140474710041875,The Mind Design,12 Apr 2026,https://www.facebook.com/ads/library/?id=2140474710041875,ad_screenshots/THE_MIND_DESIGN_2140474710041875_advertiser_fallback.svg,advertiser:@theminddesign,"Calling all homeowners with key collection in 6 months! Looking to renovate your home? Or planning to build a loft to maximize space? Let us turn your dream into reality! Contact us now! theminddesign.com.sg
Calling all homeowners with key collection in 6 months!
Looking to renovate your home? Or planning to build a loft to maximize space? Let us turn your dream into reality! Contact us now!
theminddesign.com.sg"
THE MIND DESIGN,2,1459102935924434,The Mind Design,12 Apr 2026,https://www.facebook.com/ads/library/?id=1459102935924434,ad_screenshots/THE_MIND_DESIGN_1459102935924434_advertiser_fallback.svg,advertiser:@theminddesign,"Calling all homeowners with key collection in the next 6 months! Looking to renovate your home? Or planning to build a loft to maximize space? Let us turn your dream into reality! Contact us now! theminddesign.com.sg
Calling all homeowners with key collection in the next 6 months!
Looking to renovate your home? Or planning to build a loft to maximize space? Let us turn your dream into reality! Contact us now!
theminddesign.com.sg"
THE MIND DESIGN,3,1255469546760716,The Mind Design,12 Apr 2026,https://www.facebook.com/ads/library/?id=1255469546760716,ad_screenshots/THE_MIND_DESIGN_1255469546760716_advertiser_fallback.svg,advertiser:@theminddesign,"📣 Calling all homeowners with key collection in the next 6 months – if you're a serious homeowner ready to start renovation, click the button below to contact us and get your free consultation + design. Looking to renovate your home? Or planning to build a loft to maximize space? Let us turn your dream into reality! Contact us now! theminddesign.com.sg
📣 Calling all homeowners with key collection in the next 6 months – if you're a serious homeowner ready to start renovation, click the button below to contact us and get your free consultation + design.
Looking to renovate your home? Or planning to build a loft to maximize space? Let us turn your dream into reality! Contact us now!
theminddesign.com.sg"
THE MIND DESIGN,4,2046849412554219,The Mind Design,20 Feb 2026,https://www.facebook.com/ads/library/?id=2046849412554219,ad_screenshots/THE_MIND_DESIGN_2046849412554219_advertiser_fallback.svg,advertiser:@theminddesign,"Embrace Nature's Embrace! 🍃 The wooden and grey elements evoke a rustic charm, perfect for those seeking solitude. Experience the beauty of a functional loft that harmonizes with the tranquility of nature. Elevate your living space with our contemp-industrial fusion. Looking to renovate your home? Or planning to build a loft to maximize space? Let us turn your dream into reality! WhatsApp us now - https://wa.link/o0utzs! https://www.theminddesign.com.sg/
Embrace Nature's Embrace! 🍃 The wooden and grey elements evoke a rustic charm, perfect for those seeking solitude. Experience the beauty of a functional loft that harmonizes with the tranquility of nature. Elevate your living space with our contemp-industrial fusion.
Looking to renovate your home? Or planning to build a loft to maximize space? Let us turn your dream into reality! WhatsApp us now -
!"
THE MIND DESIGN,5,3318927488266425,The Mind Design,12 Apr 2026,https://www.facebook.com/ads/library/?id=3318927488266425,ad_screenshots/THE_MIND_DESIGN_3318927488266425_advertiser_fallback.svg,advertiser:@theminddesign,"📣 Calling all homeowners with key collection in the next 6 months – if you're a serious homeowner ready to start renovation, click the button below to contact us and get your free consultation + design. theminddesign.com.sg
📣 Calling all homeowners with key collection in the next 6 months – if you're a serious homeowner ready to start renovation, click the button below to contact us and get your free consultation + design.
theminddesign.com.sg"
THE MIND DESIGN,6,902379888931805,The Mind Design,9 Feb 2026,https://www.facebook.com/ads/library/?id=902379888931805,ad_screenshots/THE_MIND_DESIGN_902379888931805_advertiser_fallback.svg,advertiser:@theminddesign,"Wooden accents and grey elements complement each other perfectly to give this home a cool and contemporary vibe. Are you a fan of contemporary luxury? Looking to renovate your home? Or planning to build a loft to maximize space? Let us turn your dream into reality! Contact us now! theminddesign.com.sg
Wooden accents and grey elements complement each other perfectly to give this home a cool and contemporary vibe. Are you a fan of contemporary luxury?
Looking to renovate your home? Or planning to build a loft to maximize space? Let us turn your dream into reality! Contact us now!
theminddesign.com.sg"
THE MIND DESIGN,7,1684186362604385,The Mind Design,7 Feb 2026,https://www.facebook.com/ads/library/?id=1684186362604385,ad_screenshots/THE_MIND_DESIGN_1684186362604385_advertiser_fallback.svg,advertiser:@theminddesign,"✨ Transforming Everyday Living ✨ Are you a fan of contemporary luxury? Looking to renovate your home? Or planning to build a loft to maximize space? Let us turn your dream into reality! Contact us now! theminddesign.com.sg
✨ Transforming Everyday Living ✨
Are you a fan of contemporary luxury?
Looking to renovate your home? Or planning to build a loft to maximize space? Let us turn your dream into reality! Contact us now!
theminddesign.com.sg"
THE MIND DESIGN,8,2863262767351615,The Mind Design,12 Apr 2026,https://www.facebook.com/ads/library/?id=2863262767351615,ad_screenshots/THE_MIND_DESIGN_2863262767351615_advertiser_fallback.svg,advertiser:@theminddesign,"✨ Keys in 6 months? Tap to claim free design!✨ Are you a fan of contemporary luxury? Looking to renovate your home? Or planning to build a loft to maximize space? Let us turn your dream into reality! Contact us now! theminddesign.com.sg
✨ Keys in 6 months? Tap to claim free design!✨
Are you a fan of contemporary luxury?
Looking to renovate your home? Or planning to build a loft to maximize space? Let us turn your dream into reality! Contact us now!
theminddesign.com.sg"
THE MIND DESIGN,9,2627453017655875,The Mind Design,20 Feb 2026,https://www.facebook.com/ads/library/?id=2627453017655875,ad_screenshots/THE_MIND_DESIGN_2627453017655875_advertiser_fallback.svg,advertiser:@theminddesign,"A calm, contemporary home where warmth meets restraint. Soft neutrals, layered lighting, and clean architectural lines come together to create a space that feels open, balanced, and quietly refined. Every detail is intentional — from the seamless TV feature wall to the cozy living-dining flow — designed for everyday comfort with timeless appeal. Which design detail is your favorite? Let us know in the comments! 👇 Looking to renovate your home? Or planning to build a loft to maximize space? Let us turn your dream into reality! Contact us now! theminddesign.com.sg
A calm, contemporary home where warmth meets restraint.
Soft neutrals, layered lighting, and clean architectural lines come together to create a space that feels open, balanced, and quietly refined. Every detail is intentional — from the seamless TV feature wall to the cozy living-dining flow — designed for everyday comfort with timeless appeal.
Which design detail is your favorite? Let us know in the comments! 👇
Looking to renovate your home? Or planning to build a loft to maximize space? Let us turn your dream into reality! Contact us now!
theminddesign.com.sg"
THE MIND DESIGN,10,1458378665245788,The Mind Design,20 Apr 2026,https://www.facebook.com/ads/library/?id=1458378665245788,ad_screenshots/THE_MIND_DESIGN_1458378665245788_advertiser_fallback.svg,advertiser:@theminddesign,"📣 Calling all homeowners with key collection in the next 6 months – if you're a serious homeowner ready to start renovation, click the button below to contact us and get your free consultation + design. Looking to renovate your home? Or planning to build a loft to maximize space? Let us turn your dream into reality! Contact us now! theminddesign.com.sg
📣 Calling all homeowners with key collection in the next 6 months – if you're a serious homeowner ready to start renovation, click the button below to contact us and get your free consultation + design.
Looking to renovate your home? Or planning to build a loft to maximize space? Let us turn your dream into reality! Contact us now!
theminddesign.com.sg"
The Interior Studio SG,1,845994541272626,The Interior Studio SG,22 Nov 2025,https://www.facebook.com/ads/library/?id=845994541272626,ad_screenshots/The_Interior_Studio_SG_845994541272626_advertiser_fallback.svg,advertiser:@theinteriorstudiosg,"🏠 𝐊𝐈𝐓𝐂𝐇𝐄𝐍 𝐏𝐀𝐂𝐊𝐀𝐆𝐄 @ $𝟓𝟎𝟎𝟎𝐧𝐞𝐭𝐭🔥 🔥 Inclusive of Free Gifts ( 𝗟𝗶𝗺𝗶𝘁𝗲𝗱 𝗧𝗶𝗺𝗲 𝗢𝗻𝗹𝘆 ) - 𝐅𝐮𝐣𝐢𝐨𝐡 𝐂𝐨𝐨𝐤𝐞𝐫 𝐇𝐨𝐝 - 𝐅𝐮𝐣𝐢𝐨𝐡 𝐂𝐨𝐨𝐤𝐞𝐫 𝐇𝐨𝐨𝐝 - 𝐊𝐢𝐭𝐜𝐡𝐞𝐧 𝐒𝐢𝐧𝐤 - 𝐊𝐢𝐭𝐜𝐡𝐞𝐧 𝐓𝐚𝐩 - 𝐒𝐨𝐟𝐭 𝐂𝐥𝐨𝐬𝐢𝐧𝐠 𝐌𝐞𝐜𝐡𝐚𝐧𝐢𝐬𝐦 - 𝐍𝐨𝐧 𝐅𝐨𝐫𝐦𝐚𝐥𝐝𝐞𝐡𝐲𝐝𝐞 𝐏𝐥𝐲𝐰𝐨𝐨𝐝 ✅𝗖𝗼𝘀𝘁-𝗘𝗳𝗳𝗶𝗰𝗶𝗲𝗻𝘁 ✅𝗛𝗮𝘀𝘀𝗹𝗲-𝗙𝗿𝗲𝗲 𝗥𝗲𝗻𝗼 ✅𝟭𝟬𝟬% 𝗡𝗼 𝗚𝗶𝗺𝗺𝗶𝗰𝗸𝘀 ✅𝟭𝟬𝟬% 𝗡𝗼 𝗛𝗶𝗱𝗱𝗲𝗻 𝗖𝗼𝘀𝘁 ✅𝟭𝟬𝟬% 𝗛𝗮𝗻𝗱𝗼𝘃𝗲𝗿 𝗢𝗻 𝗧𝗶𝗺𝗲 ✅𝟭𝟬𝟬% 𝗦𝗮𝘁𝗶𝘀𝗳𝗮𝗰𝘁𝗶𝗼𝗻 Contact us now and reserve an appointment to start your renovation journey with us! Bring your floor plan and leave the rest to us!
🏠 𝐊𝐈𝐓𝐂𝐇𝐄𝐍 𝐏𝐀𝐂𝐊𝐀𝐆𝐄 @ $𝟓𝟎𝟎𝟎𝐧𝐞𝐭𝐭🔥
🔥 Inclusive of Free Gifts ( 𝗟𝗶𝗺𝗶𝘁𝗲𝗱 𝗧𝗶𝗺𝗲 𝗢𝗻𝗹𝘆 )
- 𝐅𝐮𝐣𝐢𝐨𝐡 𝐂𝐨𝐨𝐤𝐞𝐫 𝐇𝐨𝐝
- 𝐅𝐮𝐣𝐢𝐨𝐡 𝐂𝐨𝐨𝐤𝐞𝐫 𝐇𝐨𝐨𝐝
- 𝐊𝐢𝐭𝐜𝐡𝐞𝐧 𝐒𝐢𝐧𝐤
- 𝐊𝐢𝐭𝐜𝐡𝐞𝐧 𝐓𝐚𝐩
- 𝐒𝐨𝐟𝐭 𝐂𝐥𝐨𝐬𝐢𝐧𝐠 𝐌𝐞𝐜𝐡𝐚𝐧𝐢𝐬𝐦
- 𝐍𝐨𝐧 𝐅𝐨𝐫𝐦𝐚𝐥𝐝𝐞𝐡𝐲𝐝𝐞 𝐏𝐥𝐲𝐰𝐨𝐨𝐝
✅𝗖𝗼𝘀𝘁-𝗘𝗳𝗳𝗶𝗰𝗶𝗲𝗻𝘁
✅𝗛𝗮𝘀𝘀𝗹𝗲-𝗙𝗿𝗲𝗲 𝗥𝗲𝗻𝗼
✅𝟭𝟬𝟬% 𝗡𝗼 𝗚𝗶𝗺𝗺𝗶𝗰𝗸𝘀
✅𝟭𝟬𝟬% 𝗡𝗼 𝗛𝗶𝗱𝗱𝗲𝗻 𝗖𝗼𝘀𝘁
✅𝟭𝟬𝟬% 𝗛𝗮𝗻𝗱𝗼𝘃𝗲𝗿 𝗢𝗻 𝗧𝗶𝗺𝗲
✅𝟭𝟬𝟬% 𝗦𝗮𝘁𝗶𝘀𝗳𝗮𝗰𝘁𝗶𝗼𝗻
Contact us now and reserve an appointment to start your renovation journey with us!
Bring your floor plan and leave the rest to us!"
The Interior Studio SG,2,1470965007850726,The Interior Studio SG,22 Apr 2026,https://www.facebook.com/ads/library/?id=1470965007850726,ad_screenshots/The_Interior_Studio_SG_1470965007850726_advertiser_fallback.svg,advertiser:@theinteriorstudiosg,"🏠 Getting Your HDB BTO Keys soon? Let Us Transform Your Home in 6-8 Weeks!
While Most BTO Home-Owners are paying $15,000+ for a basic BTO renovations, but we are here to help you to secure a exclusive package at nearly 50% off the price!
𝐁𝐓𝐎 𝐌𝐨𝐯𝐞-𝐈𝐧 𝐏𝐚𝐜𝐤𝐚𝐠𝐞!
📌2 Room : $8,088
📌3 Room : $8,388
📌4 Room : $8,688
📌5 Room : $8,988
🎁 𝗙𝗿𝗲𝗲 𝗚𝗶𝗳𝘁𝘀 𝗪𝗼𝗿𝘁𝗵 $𝟭,𝟴𝟴𝟴
*Terms&Conditions Apply*
Exclusive FREE Premium Upgrades:
🎁 Grade E0 Low Formaldehyde Carpentry - Safe & Healthier Air
🎁 Lifetime Warranty Soft Closing Mechanism for all Carpentry - Premium Quality
🎁 Premium Sintered Stone Kitchen WorkTop - 100% Scratch & Stains Resistance
🎁 5-Year Workmanship Warranty
Why do Home-Owners Choose Us?
✅ 𝗖𝗼𝘀𝘁-𝗘𝗳𝗳𝗶𝗰𝗶𝗲𝗻𝘁
✅ 𝗛𝗮𝘀𝘀𝗹𝗲-𝗙𝗿𝗲𝗲 𝗥𝗲𝗻𝗼
✅ 𝐐𝐮𝐚𝐥𝐢𝐭𝐲 𝐀𝐬𝐬𝐮𝐫𝐚𝐧𝐜𝐞
✅ 𝟭𝟬𝟬% 𝗧𝗿𝗮𝗻𝘀𝗽𝗮𝗿𝗲𝗻𝘁 𝗣𝗿𝗶𝗰𝗶𝗻𝗴
✅ 𝟱 𝗬𝗲𝗮𝗿𝘀 𝗪𝗮𝗿𝗿𝗮𝗻𝘁𝘆
𝐂𝐨𝐧𝐭𝐚𝐜𝐭 𝐮𝐬 𝐧𝐨𝐰 𝐚𝐧𝐝 𝐫𝐞𝐬𝐞𝐫𝐯𝐞 𝐚𝐧 𝐚𝐩𝐩𝐨𝐢𝐧𝐭𝐦𝐞𝐧𝐭 𝐭𝐨 𝐬𝐭𝐚𝐫𝐭 𝐲𝐨𝐮𝐫 𝐫𝐞𝐧𝐨𝐯𝐚𝐭𝐢𝐨𝐧 𝐣𝐨𝐮𝐫𝐧𝐞𝐲 𝐰𝐢𝐭𝐡 𝐮𝐬!"
The Interior Studio SG,3,1346414713714712,The Interior Studio SG,3 Oct 2025,https://www.facebook.com/ads/library/?id=1346414713714712,ad_screenshots/The_Interior_Studio_SG_1346414713714712_advertiser_fallback.svg,advertiser:@theinteriorstudiosg,"🏠 𝐊𝐈𝐓𝐂𝐇𝐄𝐍 𝐏𝐀𝐂𝐊𝐀𝐆𝐄 @ $𝟓𝟎𝟎𝟎𝐧𝐞𝐭𝐭🔥 🔥 Inclusive of Free Gifts ( 𝗟𝗶𝗺𝗶𝘁𝗲𝗱 𝗧𝗶𝗺𝗲 𝗢𝗻𝗹𝘆 ) - 𝐅𝐮𝐣𝐢𝐨𝐡 𝐂𝐨𝐨𝐤𝐞𝐫 𝐇𝐨𝐛 - 𝐅𝐮𝐣𝐢𝐨𝐡 𝐂𝐨𝐨𝐤𝐞𝐫 𝐇𝐨𝐨𝐝 - 𝐊𝐢𝐭𝐜𝐡𝐞𝐧 𝐒𝐢𝐧𝐤 - 𝐊𝐢𝐭𝐜𝐡𝐞𝐧 𝐓𝐚𝐩 - 𝐁𝐋𝐔𝐌 𝐇𝐊 𝐀𝐯𝐞𝐧𝐭𝐨𝐬 - 𝐒𝐨𝐟𝐭 𝐂𝐥𝐨𝐬𝐢𝐧𝐠 𝐇𝐢𝐧𝐠𝐞𝐬 - 𝐈𝐧𝐭𝐞𝐫𝐧𝐚𝐥 𝐂𝐨𝐥𝐨𝐫 𝐏𝐕𝐂 ✅ 𝗖𝗼𝘀𝘁-𝗘𝗳𝗳𝗶𝗰𝗶𝗲𝗻𝘁 ✅ 𝗛𝗮𝘀𝘀𝗹𝗲-𝗙𝗿𝗲𝗲 𝗥𝗲𝗻𝗼 ✅ 𝟭𝟬𝟬% 𝗡𝗼 𝗚𝗶𝗺𝗺𝗶𝗰𝗸𝘀 ✅ 𝟭𝟬𝟬% 𝗡𝗼 𝗛𝗶𝗱𝗱𝗲𝗻 𝗖𝗼𝘀𝘁 ✅ 𝟭𝟬𝟬% 𝗛𝗮𝗻𝗱𝗼𝘃𝗲𝗿 𝗢𝗻 𝗧𝗶𝗺𝗲 ✅ 𝟭𝟬𝟬% 𝗦𝗮𝘁𝗶𝘀𝗳𝗮𝗰𝘁𝗶𝗼𝗻 𝐂𝐨𝐧𝐭𝐚𝐜𝐭 𝐮𝐬 𝐧𝐨𝐰 𝐚𝐧𝐝 𝐫𝐞𝐬𝐞𝐫𝐯𝐞 𝐚𝐧 𝐚𝐩𝐩𝐨𝐢𝐧𝐭𝐦𝐞𝐧𝐭 𝐭𝐨 𝐬𝐭𝐚𝐫𝐭 𝐲𝐨𝐮𝐫 𝐫𝐞𝐧𝐨𝐯𝐚𝐭𝐢𝐨𝐧 𝐣𝐨𝐮𝐫𝐧𝐞𝐲 𝐰𝐢𝐭𝐡 𝐮𝐬! 𝐁𝐫𝐢𝐧𝐠 𝐲𝐨𝐮𝐫 𝐟𝐥𝐨𝐨𝐫 𝐩𝐥𝐚𝐧 𝐚𝐧𝐝 𝐥𝐞𝐚𝐯𝐞 𝐭𝐡𝐞 𝐫𝐞𝐬𝐭 𝐭𝐨 𝐮𝐬!
🏠 𝐊𝐈𝐓𝐂𝐇𝐄𝐍 𝐏𝐀𝐂𝐊𝐀𝐆𝐄 @ $𝟓𝟎𝟎𝟎𝐧𝐞𝐭𝐭🔥
🔥 Inclusive of Free Gifts ( 𝗟𝗶𝗺𝗶𝘁𝗲𝗱 𝗧𝗶𝗺𝗲 𝗢𝗻𝗹𝘆 )
- 𝐅𝐮𝐣𝐢𝐨𝐡 𝐂𝐨𝐨𝐤𝐞𝐫 𝐇𝐨𝐛
- 𝐅𝐮𝐣𝐢𝐨𝐡 𝐂𝐨𝐨𝐤𝐞𝐫 𝐇𝐨𝐨𝐝
- 𝐊𝐢𝐭𝐜𝐡𝐞𝐧 𝐒𝐢𝐧𝐤
- 𝐊𝐢𝐭𝐜𝐡𝐞𝐧 𝐓𝐚𝐩
- 𝐁𝐋𝐔𝐌 𝐇𝐊 𝐀𝐯𝐞𝐧𝐭𝐨𝐬
- 𝐒𝐨𝐟𝐭 𝐂𝐥𝐨𝐬𝐢𝐧𝐠 𝐇𝐢𝐧𝐠𝐞𝐬
- 𝐈𝐧𝐭𝐞𝐫𝐧𝐚𝐥 𝐂𝐨𝐥𝐨𝐫 𝐏𝐕𝐂
✅ 𝗖𝗼𝘀𝘁-𝗘𝗳𝗳𝗶𝗰𝗶𝗲𝗻𝘁
✅ 𝗛𝗮𝘀𝘀𝗹𝗲-𝗙𝗿𝗲𝗲 𝗥𝗲𝗻𝗼
✅ 𝟭𝟬𝟬% 𝗡𝗼 𝗚𝗶𝗺𝗺𝗶𝗰𝗸𝘀
✅ 𝟭𝟬𝟬% 𝗡𝗼 𝗛𝗶𝗱𝗱𝗲𝗻 𝗖𝗼𝘀𝘁
✅ 𝟭𝟬𝟬% 𝗛𝗮𝗻𝗱𝗼𝘃𝗲𝗿 𝗢𝗻 𝗧𝗶𝗺𝗲
✅ 𝟭𝟬𝟬% 𝗦𝗮𝘁𝗶𝘀𝗳𝗮𝗰𝘁𝗶𝗼𝗻
𝐂𝐨𝐧𝐭𝐚𝐜𝐭 𝐮𝐬 𝐧𝐨𝐰 𝐚𝐧𝐝 𝐫𝐞𝐬𝐞𝐫𝐯𝐞 𝐚𝐧 𝐚𝐩𝐩𝐨𝐢𝐧𝐭𝐦𝐞𝐧𝐭 𝐭𝐨 𝐬𝐭𝐚𝐫𝐭 𝐲𝐨𝐮𝐫 𝐫𝐞𝐧𝐨𝐯𝐚𝐭𝐢𝐨𝐧 𝐣𝐨𝐮𝐫𝐧𝐞𝐲 𝐰𝐢𝐭𝐡 𝐮𝐬!
𝐁𝐫𝐢𝐧𝐠 𝐲𝐨𝐮𝐫 𝐟𝐥𝐨𝐨𝐫 𝐩𝐥𝐚𝐧 𝐚𝐧𝐝 𝐥𝐞𝐚𝐯𝐞 𝐭𝐡𝐞 𝐫𝐞𝐬𝐭 𝐭𝐨 𝐮𝐬!"
The Interior Studio SG,4,972136635362075,The Interior Studio SG,22 Apr 2026,https://www.facebook.com/ads/library/?id=972136635362075,ad_screenshots/The_Interior_Studio_SG_972136635362075_advertiser_fallback.svg,advertiser:@theinteriorstudiosg,"Collecting your Keys Soon or Planning to renovate your existing home?
Affordable renovation packages tailored to fix your budget and style! Create your Dream Home without compromising on quality.
𝐁𝐓𝐎 𝐌𝐨𝐯𝐞-𝐈𝐧 𝐏𝐚𝐜𝐤𝐚𝐠𝐞
📌 Starting from $8,388
𝗞𝗶𝘁𝗰𝗵𝗲𝗻 & 𝗧𝗼𝗶𝗹𝗲𝘁 𝗣𝗮𝗰𝗸𝗮𝗴𝗲
📌 Starting from $21,888
𝐑𝐞𝐬𝐚𝐥𝐞 𝐌𝐚𝐤𝐞𝐨𝐯𝐞𝐫 𝐏𝐚𝐜𝐤𝐚𝐠𝐞
📌 Starting from $26,888
🎁𝗙𝗥𝗘𝗘 𝗚𝗜𝗙𝗧𝗦 𝗪𝗢𝗥𝗧𝗛 $𝟱,𝟬𝟬𝟬
- 𝗠𝗶𝘁𝘀𝘂𝗯𝗶𝘀𝗵𝗶 𝗦𝘁𝗮𝗿𝗺𝗲𝘅 𝗔𝗶𝗿𝗰𝗼𝗻
- 𝗥𝗲𝗳𝗿𝗶𝗴𝗲𝗿𝗮𝘁𝗼𝗿
- 𝗗𝗶𝗴𝗶𝘁𝗮𝗹 𝗟𝗼𝗰𝗸
- 𝗛𝗮𝗽𝗽𝗶𝗲 𝗪𝗮𝘁𝗲𝗿 𝗗𝗶𝘀𝗽𝗲𝗻𝘀𝗲𝗿
- 𝟲𝟱"" 𝗣𝗿𝗶𝘀𝗺 𝗧𝗩
- 𝗙𝘂𝗷𝗶𝗼𝗵 𝗠𝗶𝗰𝗿𝗼𝘄𝗮𝘃𝗲 & 𝗢𝘃𝗲𝗻
- 𝗙𝘂𝗷𝗶𝗼𝗵 𝗛𝗼𝗯 & 𝗛𝗼𝗼𝗱
- 𝗞𝗶𝘁𝗰𝗵𝗲𝗻 𝗦𝗶𝗻𝗸 & 𝗧𝗮𝗽
& 𝐌𝐀𝐍𝐘 𝐌𝐎𝐑𝐄 !
*T&Cs Apply!
✅ 𝗚𝗘𝗧 𝗙𝗥𝗘𝗘 𝗗𝗢𝗢𝗥 𝗚𝗜𝗙𝗧𝗦 👇🏼
🎉💵$𝟐𝟎 Free Grab Voucher ( Bring your Floor Plan )
🎉💵Complimentary Cash Voucher worth $𝟑𝟎𝟎
and 𝗠𝗔𝗡𝗬 𝗠𝗢𝗥𝗘!
Strictly by Appointment Basis!
𝐂𝐨𝐧𝐭𝐚𝐜𝐭 𝐮𝐬 𝐧𝐨𝐰 𝐚𝐧𝐝 𝐫𝐞𝐬𝐞𝐫𝐯𝐞 𝐚𝐧 𝐚𝐩𝐩𝐨𝐢𝐧𝐭𝐦𝐞𝐧𝐭 𝐭𝐨 𝐬𝐭𝐚𝐫𝐭 𝐲𝐨𝐮𝐫 𝐫𝐞𝐧𝐨𝐯𝐚𝐭𝐢𝐨𝐧 𝐣𝐨𝐮𝐫𝐧𝐞𝐲 𝐰𝐢𝐭𝐡 𝐮𝐬!"
The Interior Studio SG,5,990235763679392,The Interior Studio SG,22 Apr 2026,https://www.facebook.com/ads/library/?id=990235763679392,ad_screenshots/The_Interior_Studio_SG_990235763679392_advertiser_fallback.svg,advertiser:@theinteriorstudiosg,"🔥𝗥𝗲𝗻𝗼𝘃𝗮𝘁𝗲 𝘆𝗼𝘂𝗿 𝗱𝗿𝗲𝗮𝗺 𝗵𝗼𝗺𝗲 𝘄𝗶𝘁𝗵 𝘂𝘀 𝘄𝗶𝘁𝗵𝗼𝘂𝘁 𝗯𝗿𝗲𝗮𝗸𝗶𝗻𝗴 𝘁𝗵𝗲 𝗯𝗮𝗻𝗸!
Affordable renovation packages tailored to fix your budget and style! Create your Dream Home without compromising on quality.
𝐁𝐓𝐎 𝐌𝐨𝐯𝐞-𝐈𝐧 𝐏𝐚𝐜𝐤𝐚𝐠𝐞
📌 Starting from $8,388
𝗞𝗶𝘁𝗰𝗵𝗲𝗻 & 𝗧𝗼𝗶𝗹𝗲𝘁 𝗣𝗮𝗰𝗸𝗮𝗴𝗲
📌 Starting from $21,888
𝐑𝐞𝐬𝐚𝐥𝐞 𝐌𝐚𝐤𝐞𝐨𝐯𝐞𝐫 𝐏𝐚𝐜𝐤𝐚𝐠𝐞
📌 Starting from $26,888
🎁 Exclusive Freebies Giveaway!
- 𝗠𝗶𝘁𝘀𝘂𝗯𝗶𝘀𝗵𝗶 𝗦𝘁𝗮𝗿𝗺𝗲𝘅 𝗔𝗶𝗿𝗰𝗼𝗻
- 𝗥𝗲𝗳𝗿𝗶𝗴𝗲𝗿𝗮𝘁𝗼𝗿
- 𝗗𝗶𝗴𝗶𝘁𝗮𝗹 𝗟𝗼𝗰𝗸
- 𝗛𝗮𝗽𝗽𝗶𝗲 𝗪𝗮𝘁𝗲𝗿 𝗗𝗶𝘀𝗽𝗲𝗻𝘀𝗲𝗿
- 𝟲𝟱"" 𝗣𝗿𝗶𝘀𝗺 𝗧𝗩
- 𝗙𝘂𝗷𝗶𝗼𝗵 𝗠𝗶𝗰𝗿𝗼𝘄𝗮𝘃𝗲 & 𝗢𝘃𝗲𝗻
- 𝗙𝘂𝗷𝗶𝗼𝗵 𝗛𝗼𝗯 & 𝗛𝗼𝗼𝗱
- 𝗞𝗶𝘁𝗰𝗵𝗲𝗻 𝗦𝗶𝗻𝗸 & 𝗧𝗮𝗽
& 𝐌𝐀𝐍𝐘 𝐌𝐎𝐑𝐄 !
*Terms&Conditions Apply*
🎉𝗦𝗶𝗴𝗻 𝘂𝗽 𝗮𝗻𝘆 𝗼𝘂𝗿 𝗽𝗮𝗰𝗸𝗮𝗴𝗲𝘀 𝗮𝗻𝗱 𝗲𝗻𝘁𝗶𝘁𝗹𝗲𝗱 𝘁𝗼 𝗼𝘂𝗿 𝗦𝗣𝗜𝗡 & 𝗪𝗜𝗡 𝗽𝗿𝗶𝘇𝗲𝘀 𝘄𝗼𝗿𝘁𝗵 𝘂𝗽 𝘁𝗼 $𝟭,𝟴𝟴𝟴
✅ 𝗚𝗘𝗧 𝗙𝗥𝗘𝗘 𝗗𝗢𝗢𝗥 𝗚𝗜𝗙𝗧𝗦 👇🏼
🎉💵$𝟐𝟎 Free Grab Voucher ( Bring your Floor Plan )
🎉💵Complimentary Cash Voucher worth $𝟑𝟎𝟎
and 𝗠𝗔𝗡𝗬 𝗠𝗢𝗥𝗘!
Strictly by Appointment Basis!
𝐂𝐨𝐧𝐭𝐚𝐜𝐭 𝐮𝐬 𝐧𝐨𝐰 𝐚𝐧𝐝 𝐫𝐞𝐬𝐞𝐫𝐯𝐞 𝐚𝐧 𝐚𝐩𝐩𝐨𝐢𝐧𝐭𝐦𝐞𝐧𝐭 𝐭𝐨 𝐬𝐭𝐚𝐫𝐭 𝐲𝐨𝐮𝐫 𝐫𝐞𝐧𝐨𝐯𝐚𝐭𝐢𝐨𝐧 𝐣𝐨𝐮𝐫𝐧𝐞𝐲 𝐰𝐢𝐭𝐡 𝐮𝐬!"
The Interior Studio SG,6,2729481470765965,The Interior Studio SG,8 May 2026,https://www.facebook.com/ads/library/?id=2729481470765965,ad_screenshots/The_Interior_Studio_SG_2729481470765965_advertiser_fallback.svg,advertiser:@theinteriorstudiosg,"With ample storage tailored for the owner’s Pop Mart collection, every piece is beautifully displayed yet neatly organized. A unique touch? A dining table that effortlessly transforms into a pool table—bringing both elegance and entertainment into the space.
📍 𝟸𝟹𝟸𝙰 𝚂𝚞𝚖𝚊𝚗𝚐 𝙻𝚊𝚗𝚎 | 𝙷𝙳𝙱 𝟻 𝚁𝚘𝚘𝚖 𝙱𝚃𝙾
👨‍🎨 𝙳𝚎𝚜𝚒𝚐𝚗𝚎𝚛 | 𝙳𝚊𝚛𝚛𝚎𝚗
•
#theinteriorstudiosg #sginteriordesign #hdbrenovation
#homerenovation #renovationideas #sginterior
#sghomedecor #interiordesign #interiordesignideas
#BTO #hdb #renovation"
The Interior Studio SG,7,948567344689447,The Interior Studio SG,22 Apr 2026,https://www.facebook.com/ads/library/?id=948567344689447,ad_screenshots/The_Interior_Studio_SG_948567344689447_advertiser_fallback.svg,advertiser:@theinteriorstudiosg,"🏠 Resale Homeowners Getting Your Keys Soon? Let Us Transform Your Dream Home in Just 6-8 Weeks!
𝐴𝑓𝑓𝑜𝑟𝑑𝑎𝑏𝑙𝑒 𝑟𝑒𝑛𝑜𝑣𝑎𝑡𝑖𝑜𝑛 𝑝𝑎𝑐𝑘𝑎𝑔𝑒𝑠 𝑡𝑎𝑖𝑙𝑜𝑟𝑒𝑑 𝑡𝑜 𝑓𝑖𝑥 𝑦𝑜𝑢𝑟 𝑏𝑢𝑑𝑔𝑒𝑡 𝑎𝑛𝑑 𝑠𝑡𝑦𝑙𝑒. 𝐶𝑟𝑒𝑎𝑡𝑒 𝑦𝑜𝑢𝑟 𝑑𝑟𝑒𝑎𝑚 ℎ𝑜𝑚𝑒 𝑤𝑖𝑡ℎ𝑜𝑢𝑡 𝑐𝑜𝑚𝑝𝑟𝑜𝑚𝑖𝑠𝑖𝑛𝑔 𝑜𝑛 𝑞𝑢𝑎𝑙𝑖𝑡𝑦.
𝐑𝐄𝐒𝐀𝐋𝐄 𝐑𝐄𝐍𝐎𝐕𝐀𝐓𝐈𝐎𝐍 𝐏𝐀𝐂𝐊𝐀𝐆𝐄!
📌3 Room : $22,888
📌4 Room : $24,388
📌5 Room : $25,888
📌EA : $26,888
🎁𝗙𝗥𝗘𝗘 𝗚𝗜𝗙𝗧𝗦 𝗪𝗢𝗥𝗧𝗛 $𝟱,𝟬𝟬𝟬
*Terms&Conditions Apply*
Exclusive FREE Premium Upgrades:
🎁 Grade E0 Low Formaldehyde Carpentry - Safe & Healthier Air
🎁 Lifetime Warranty Soft Closing Mechanism for all Carpentry - Premium Quality
🎁 Premium Sintered Stone Kitchen WorkTop - 100% Scratch & Stains Resistance
🎁 5-Year Workmanship Warranty
Why do Home-Owners Choose Us?
✅ 𝗖𝗼𝘀𝘁-𝗘𝗳𝗳𝗶𝗰𝗶𝗲𝗻𝘁
✅ 𝗛𝗮𝘀𝘀𝗹𝗲-𝗙𝗿𝗲𝗲 𝗥𝗲𝗻𝗼
✅ 𝐐𝐮𝐚𝐥𝐢𝐭𝐲 𝐀𝐬𝐬𝐮𝐫𝐚𝐧𝐜𝐞
✅ 𝟭𝟬𝟬% 𝗧𝗿𝗮𝗻𝘀𝗽𝗮𝗿𝗲𝗻𝘁 𝗣𝗿𝗶𝗰𝗶𝗻𝗴
✅ 𝟱 𝗬𝗲𝗮𝗿𝘀 𝗪𝗮𝗿𝗿𝗮𝗻𝘁𝘆
𝐂𝐨𝐧𝐭𝐚𝐜𝐭 𝐮𝐬 𝐧𝐨𝐰 𝐚𝐧𝐝 𝐫𝐞𝐬𝐞𝐫𝐯𝐞 𝐚𝐧 𝐚𝐩𝐩𝐨𝐢𝐧𝐭𝐦𝐞𝐧𝐭 𝐭𝐨 𝐬𝐭𝐚𝐫𝐭 𝐲𝐨𝐮𝐫 𝐫𝐞𝐧𝐨𝐯𝐚𝐭𝐢𝐨𝐧 𝐣𝐨𝐮𝐫𝐧𝐞𝐲 𝐰𝐢𝐭𝐡 𝐮𝐬!"
The Interior Studio SG,8,2296663887533247,The Interior Studio SG,8 May 2026,https://www.facebook.com/ads/library/?id=2296663887533247,ad_screenshots/The_Interior_Studio_SG_2296663887533247_advertiser_fallback.svg,advertiser:@theinteriorstudiosg,"🔥𝗥𝗲𝗻𝗼𝘃𝗮𝘁𝗲 𝘆𝗼𝘂𝗿 𝗱𝗿𝗲𝗮𝗺 𝗵𝗼𝗺𝗲 𝘄𝗶𝘁𝗵 𝘂𝘀 𝘄𝗶𝘁𝗵𝗼𝘂𝘁 𝗯𝗿𝗲𝗮𝗸𝗶𝗻𝗴 𝘁𝗵𝗲 𝗯𝗮𝗻𝗸!
Affordable renovation packages tailored to fix your budget and style! Create your Dream Home without compromising on quality.
𝐁𝐓𝐎 𝐌𝐨𝐯𝐞-𝐈𝐧 𝐏𝐚𝐜𝐤𝐚𝐠𝐞
📌 Starting from $8,388
𝗞𝗶𝘁𝗰𝗵𝗲𝗻 & 𝗧𝗼𝗶𝗹𝗲𝘁 𝗣𝗮𝗰𝗸𝗮𝗴𝗲
📌 Starting from $21,888
𝐑𝐞𝐬𝐚𝐥𝐞 𝐌𝐚𝐤𝐞𝐨𝐯𝐞𝐫 𝐏𝐚𝐜𝐤𝐚𝐠𝐞
📌 Starting from $26,888
🎁 Exclusive Freebies Giveaway!
- 𝗠𝗶𝘁𝘀𝘂𝗯𝗶𝘀𝗵𝗶 𝗦𝘁𝗮𝗿𝗺𝗲𝘅 𝗔𝗶𝗿𝗰𝗼𝗻
- 𝗥𝗲𝗳𝗿𝗶𝗴𝗲𝗿𝗮𝘁𝗼𝗿
- 𝗗𝗶𝗴𝗶𝘁𝗮𝗹 𝗟𝗼𝗰𝗸
- 𝗛𝗮𝗽𝗽𝗶𝗲 𝗪𝗮𝘁𝗲𝗿 𝗗𝗶𝘀𝗽𝗲𝗻𝘀𝗲𝗿
- 𝟲𝟱"" 𝗣𝗿𝗶𝘀𝗺 𝗧𝗩
- 𝗙𝘂𝗷𝗶𝗼𝗵 𝗠𝗶𝗰𝗿𝗼𝘄𝗮𝘃𝗲 & 𝗢𝘃𝗲𝗻
- 𝗙𝘂𝗷𝗶𝗼𝗵 𝗛𝗼𝗯 & 𝗛𝗼𝗼𝗱
- 𝗞𝗶𝘁𝗰𝗵𝗲𝗻 𝗦𝗶𝗻𝗸 & 𝗧𝗮𝗽
& 𝐌𝐀𝐍𝐘 𝐌𝐎𝐑𝐄 !
*Terms&Conditions Apply*
🎉𝗦𝗶𝗴𝗻 𝘂𝗽 𝗮𝗻𝘆 𝗼𝘂𝗿 𝗽𝗮𝗰𝗸𝗮𝗴𝗲𝘀 𝗮𝗻𝗱 𝗲𝗻𝘁𝗶𝘁𝗹𝗲𝗱 𝘁𝗼 𝗼𝘂𝗿 𝗦𝗣𝗜𝗡 & 𝗪𝗜𝗡 𝗽𝗿𝗶𝘇𝗲𝘀 𝘄𝗼𝗿𝘁𝗵 𝘂𝗽 𝘁𝗼 $𝟭,𝟴𝟴𝟴
✅ 𝗚𝗘𝗧 𝗙𝗥𝗘𝗘 𝗗𝗢𝗢𝗥 𝗚𝗜𝗙𝗧𝗦 👇🏼
🎉💵$𝟐𝟎 Free Grab Voucher ( Bring your Floor Plan )
🎉💵Complimentary Cash Voucher worth $𝟑𝟎𝟎
and 𝗠𝗔𝗡𝗬 𝗠𝗢𝗥𝗘!
Strictly by Appointment Basis!
𝐂𝐨𝐧𝐭𝐚𝐜𝐭 𝐮𝐬 𝐧𝐨𝐰 𝐚𝐧𝐝 𝐫𝐞𝐬𝐞𝐫𝐯𝐞 𝐚𝐧 𝐚𝐩𝐩𝐨𝐢𝐧𝐭𝐦𝐞𝐧𝐭 𝐭𝐨 𝐬𝐭𝐚𝐫𝐭 𝐲𝐨𝐮𝐫 𝐫𝐞𝐧𝐨𝐯𝐚𝐭𝐢𝐨𝐧 𝐣𝐨𝐮𝐫𝐧𝐞𝐲 𝐰𝐢𝐭𝐡 𝐮𝐬!"
The Interior Studio SG,9,1296019869319934,The Interior Studio SG,8 May 2026,https://www.facebook.com/ads/library/?id=1296019869319934,ad_screenshots/The_Interior_Studio_SG_1296019869319934_advertiser_fallback.svg,advertiser:@theinteriorstudiosg,"A 5-room BTO reimagined for the ultimate Pop Mart collector — custom displays, hidden storage, and a dedicated computer space, all designed to celebrate the art of collecting.
📍𝟸𝟹𝟸𝙰 𝚂𝚞𝚖𝚊𝚗𝚐 𝙻𝚊𝚗𝚎 | 𝙷𝙳𝙱 𝟻 𝚁𝚘𝚘𝚖 𝙱𝚃𝙾
👨‍🎨 𝙳𝚎𝚜𝚒𝚐𝚗𝚎𝚛 | 𝙳𝚊𝚛𝚛𝚎𝚗
•
#theinteriorstudiosg #sginteriordesign #hdbrenovation
#homerenovation #renovationideas #sginterior
#sghomedecor #interiordesign #interiordesignideas
#BTO #hdb #renovation"
The Interior Studio SG,10,1643163070222623,The Interior Studio SG,8 May 2026,https://www.facebook.com/ads/library/?id=1643163070222623,ad_screenshots/The_Interior_Studio_SG_1643163070222623_advertiser_fallback.svg,advertiser:@theinteriorstudiosg,"🏠 Resale Homeowners Getting Your Keys Soon? Let Us Transform Your Dream Home in Just 6-8 Weeks!
𝐴𝑓𝑓𝑜𝑟𝑑𝑎𝑏𝑙𝑒 𝑟𝑒𝑛𝑜𝑣𝑎𝑡𝑖𝑜𝑛 𝑝𝑎𝑐𝑘𝑎𝑔𝑒𝑠 𝑡𝑎𝑖𝑙𝑜𝑟𝑒𝑑 𝑡𝑜 𝑓𝑖𝑥 𝑦𝑜𝑢𝑟 𝑏𝑢𝑑𝑔𝑒𝑡 𝑎𝑛𝑑 𝑠𝑡𝑦𝑙𝑒. 𝐶𝑟𝑒𝑎𝑡𝑒 𝑦𝑜𝑢𝑟 𝑑𝑟𝑒𝑎𝑚 ℎ𝑜𝑚𝑒 𝑤𝑖𝑡ℎ𝑜𝑢𝑡 𝑐𝑜𝑚𝑝𝑟𝑜𝑚𝑖𝑠𝑖𝑛𝑔 𝑜𝑛 𝑞𝑢𝑎𝑙𝑖𝑡𝑦.
𝐑𝐄𝐒𝐀𝐋𝐄 𝐑𝐄𝐍𝐎𝐕𝐀𝐓𝐈𝐎𝐍 𝐏𝐀𝐂𝐊𝐀𝐆𝐄!
📌3 Room : $22,888
📌4 Room : $24,388
📌5 Room : $25,888
📌EA : $26,888
🎁𝗙𝗥𝗘𝗘 𝗚𝗜𝗙𝗧𝗦 𝗪𝗢𝗥𝗧𝗛 $𝟱,𝟬𝟬𝟬
*Terms&Conditions Apply*
Exclusive FREE Premium Upgrades:
🎁 Grade E0 Low Formaldehyde Carpentry - Safe & Healthier Air
🎁 Lifetime Warranty Soft Closing Mechanism for all Carpentry - Premium Quality
🎁 Premium Sintered Stone Kitchen WorkTop - 100% Scratch & Stains Resistance
🎁 5-Year Workmanship Warranty
Why do Home-Owners Choose Us?
✅ 𝗖𝗼𝘀𝘁-𝗘𝗳𝗳𝗶𝗰𝗶𝗲𝗻𝘁
✅ 𝗛𝗮𝘀𝘀𝗹𝗲-𝗙𝗿𝗲𝗲 𝗥𝗲𝗻𝗼
✅ 𝐐𝐮𝐚𝐥𝐢𝐭𝐲 𝐀𝐬𝐬𝐮𝐫𝐚𝐧𝐜𝐞
✅ 𝟭𝟬𝟬% 𝗧𝗿𝗮𝗻𝘀𝗽𝗮𝗿𝗲𝗻𝘁 𝗣𝗿𝗶𝗰𝗶𝗻𝗴
✅ 𝟱 𝗬𝗲𝗮𝗿𝘀 𝗪𝗮𝗿𝗿𝗮𝗻𝘁𝘆
𝐂𝐨𝐧𝐭𝐚𝐜𝐭 𝐮𝐬 𝐧𝐨𝐰 𝐚𝐧𝐝 𝐫𝐞𝐬𝐞𝐫𝐯𝐞 𝐚𝐧 𝐚𝐩𝐩𝐨𝐢𝐧𝐭𝐦𝐞𝐧𝐭 𝐭𝐨 𝐬𝐭𝐚𝐫𝐭 𝐲𝐨𝐮𝐫 𝐫𝐞𝐧𝐨𝐯𝐚𝐭𝐢𝐨𝐧 𝐣𝐨𝐮𝐫𝐧𝐞𝐲 𝐰𝐢𝐭𝐡 𝐮𝐬!"
RENODICTION PTE. LTD.,1,493163656706849,Renodiction Pte Ltd,10 Jan 2025,https://www.facebook.com/ads/library/?id=493163656706849,ad_screenshots/RENODICTION_PTE_LTD_493163656706849_advertiser_fallback.svg,advertiser:@renodiction,"We've always hear news regarding renovation scams and how they just neglected your home halfway and just disappear. Here's are tips to ensure you always engage with the right interior design company.
Book an appointment today, contact/whatsapp 📱88929211 to schedule with us for your home renovation journey.
#interiordesign #scam #trust #singapore #hdb #sginteriordesign #homerenovation #homeimprovement #makeover #bto #condo #landed #resale #commercial"
RENODICTION PTE. LTD.,2,1508935391026927,Renodiction Pte Ltd,7 May 2026,https://www.facebook.com/ads/library/?id=1508935391026927,ad_screenshots/RENODICTION_PTE_LTD_1508935391026927_advertiser_fallback.svg,advertiser:@renodiction,No visible primary ad copy found on the Ads Library advertiser page.
RENODICTION PTE. LTD.,3,2115471165916055,Renodiction Pte Ltd,7 May 2026,https://www.facebook.com/ads/library/?id=2115471165916055,ad_screenshots/RENODICTION_PTE_LTD_2115471165916055_advertiser_fallback.svg,advertiser:@renodiction,"The Metamorphosis of Tampines.
Looking to transform your home? Ready for a renovation quote?
DM us today at 88929211 and let’s bring your vision to life.
#homerenovation #interiordesign #singapore #hdb #interiordesigner"
RENODICTION PTE. LTD.,4,1653355565927717,Renodiction Pte Ltd,7 May 2026,https://www.facebook.com/ads/library/?id=1653355565927717,ad_screenshots/RENODICTION_PTE_LTD_1653355565927717_advertiser_fallback.svg,advertiser:@renodiction,"Residential | Commercial
Renovation Services & Interior Design
HDB License No. HB-02-5745G
Book your Quotation: Appt Only DM ☎️ 8892 9211"
RENODICTION PTE. LTD.,5,892902717104108,Renodiction Pte Ltd,7 May 2026,https://www.facebook.com/ads/library/?id=892902717104108,ad_screenshots/RENODICTION_PTE_LTD_892902717104108_advertiser_fallback.svg,advertiser:@renodiction,"Residential | Commercial
Renovation Services & Interior Design
HDB License No. HB-02-5745G
Book your Quotation: Appt Only DM ☎️ 8892 9211"
RENODICTION PTE. LTD.,6,3874455486188865,Renodiction Pte Ltd,7 May 2026,https://www.facebook.com/ads/library/?id=3874455486188865,ad_screenshots/RENODICTION_PTE_LTD_3874455486188865_advertiser_fallback.svg,advertiser:@renodiction,"Residential | Commercial
Renovation Services & Interior Design
HDB License No. HB-02-5745G
Book your Quotation: Appt Only DM ☎️ 8892 9211"
RENODICTION PTE. LTD.,7,1458493522199524,Renodiction Pte Ltd,9 May 2026 · Total active time 20 hrs,https://www.facebook.com/ads/library/?id=1458493522199524,ad_screenshots/RENODICTION_PTE_LTD_1458493522199524_advertiser_fallback.svg,advertiser:@renodiction,Renodiction Pte Ltd
RENODICTION PTE. LTD.,8,2012447975976058,Renodiction Pte Ltd,7 May 2026,https://www.facebook.com/ads/library/?id=2012447975976058,ad_screenshots/RENODICTION_PTE_LTD_2012447975976058_advertiser_fallback.svg,advertiser:@renodiction,"Residential | Commercial
Renovation Services & Interior Design
HDB License No. HB-02-5745G
Book your Quotation: Appt Only DM ☎️ 8892 9211"
RENODICTION PTE. LTD.,9,26964818703151603,Renodiction Pte Ltd,7 May 2026,https://www.facebook.com/ads/library/?id=26964818703151603,ad_screenshots/RENODICTION_PTE_LTD_26964818703151603_advertiser_fallback.svg,advertiser:@renodiction,"Residential | Commercial
Renovation Services & Interior Design
HDB License No. HB-02-5745G
Book your Quotation: Appt Only DM ☎️ 8892 9211"
RENODICTION PTE. LTD.,10,26707490415580752,Renodiction Pte Ltd,9 May 2026 · Total active time 19 hrs,https://www.facebook.com/ads/library/?id=26707490415580752,ad_screenshots/RENODICTION_PTE_LTD_26707490415580752_advertiser_fallback.svg,advertiser:@renodiction,"Mr. Kunalan found peace of mind with Renodiction, and you can too! Stop worrying about delays or hidden costs, let’s build your dream home with total transparency.
Start your journey now
✅ WhatsApp your floor plan to 8892 9211
✅ Book an appointment for your non-obligatory consultation!
#hdb #homerenovation #sghomes #interiordesign #bto"
